1785487304.680141,2.8267120016161607,1.0284758822112765
1785487304.680141,2.8197437176910367,1.044554538073152
1785487304.680141,2.8201694794673826,1.0634094879963945
1785487304.680141,2.813002196784268,1.0794386086521919
1785487304.680141,2.80853847637105,1.0965114040973607
1785487304.680141,2.804900355063693,1.1139377536069763
1785487304.680141,2.7983729542840936,1.1302354309959948
1785487304.680141,2.7954511646397684,1.1480144753907755
1785487304.680141,2.791494137562164,1.1654123977927466
1785487304.680141,2.7874292008808315,1.1828030921002721
1785487304.680141,2.7805014957334566,1.198997971987078
1785487304.680141,2.776227333751883,1.216356106789664
1785487304.680141,2.7681911070150496,1.23207865887889
1785487304.680141,2.7710003585390566,1.2526920372333166
1785487304.680141,2.7591224802515844,1.2667040775336171
1785487304.680141,2.7562388741600334,1.2848453586873283
1785487304.680141,2.752333815722668,1.302568244453867
1785487304.680141,2.7474141792136346,1.3198560227702643
1785487304.680141,2.742386457655003,1.3371305988818831
1785487304.680141,1.3533884248445578,0.6696564363132803
1785487304.680141,1.516589866554277,0.7614225287542119
1785487304.680141,1.5148081068683898,0.7715935208971374
1785487304.680141,1.4738692574567465,0.7615711008565429
1785487304.680141,1.4676426185658002,0.7692034607450441
1785487304.680141,1.4657922555411294,0.7791360297012929
1785487304.680141,1.4471509861943468,0.780057817571798
1785487304.680141,1.4206515273375644,0.7764728597971472
1785487304.680141,1.4029904092665917,0.7774534216168407
1785487304.680141,1.399315996861341,0.7860914718745163
1785487304.680141,1.3860296763039097,0.7892698066387134
1785487304.680141,1.3580304113432111,0.7838222204466495
1785487304.680141,1.3370476822300228,0.7821154468874039
1785487304.680141,1.3230129636817944,0.7842707821883885
1785487304.680141,1.3107132859053618,0.7873193864643687
1785487304.680141,1.2847554299916617,0.7819330727112881
1785487304.680141,1.2529471357009418,0.7725978795995088
1785487304.680141,1.2357098412659584,0.7719263165747008
1785487304.680141,1.2227483005793693,0.7737542702359724
1785487304.680141,1.2140170811732545,0.7781559081460894
1785487304.680141,1.1918562289761003,0.7737698238444292
1785487304.680141,1.178979306902856,0.7751959955860367
1785487304.680141,1.1761146121236798,0.7831496562682505
1785487304.680141,1.16324787508814,0.7843872596332099
1785487304.680141,1.1388448935549693,0.7776073343218606
1785487304.680141,1.1384149333483133,0.7870624395707742
1785487304.680141,1.1231672823867873,0.7862165077028911
1785487304.680141,1.1193905628465737,0.7933150132441843
1785487304.680141,1.122881832798726,0.8056427900875107
1785487304.680141,1.0914759927366475,0.792767996028618
1785487304.680141,1.0957082512272456,0.8056199272004406
1785487304.680141,1.0805745833909153,0.8042186129636306
1785487304.680141,1.0670920727000726,0.8038721394878818
1785487304.680141,1.0639882634646067,0.8112787026882853
1785487304.680141,1.0735008542815463,0.8284514294877926
1785487304.680141,1.0615706099754305,0.8291422361356272
1785487304.680141,1.037901225094587,0.8204205786198261
1785487304.680141,1.0057801970132705,0.8045807376263128
1785487304.680141,0.9948648946179075,0.8053842363833011
1785487304.680141,0.9924837320284082,0.813059052026319
1785487304.680141,0.98696735197654,0.8181804854399949
1785487304.680141,0.976828219275529,0.819409280659099
1785487304.680141,0.9796689409552295,0.8315489644901587
1785487304.680141,0.9763323229606587,0.8385368465054297
1785487304.680141,0.9721927526999781,0.8448581062290837
1785487304.680141,0.9822812139135316,0.8637056989876606
1785487304.680141,0.9817230737783067,0.8733932871164574
1785487304.680141,1.0004096489030119,0.9004978713391589
1785487304.680141,1.113449185766147,1.0140350275534151
1785487304.680141,1.19798724607181,1.1038421039566546
1785487304.680141,1.1805738956343186,1.1005640176231655
1785487304.680141,1.191611316822086,1.1238801124285362
1785487304.680141,1.1930116370734773,1.1383867507193575
1785487304.680141,1.2489611582880544,1.2057328987413316
1785487304.680141,1.2455031556098044,1.2164715719189523
1785487304.680141,1.2384056848941507,1.2236962676836098
1785487304.680141,1.2630910797836095,1.2626943303358975
1785487304.680141,1.242365618837369,1.2565096607582733
1785487304.680141,1.2154648434733895,1.2436905101036666
1785487304.680141,1.193619383144894,1.2356362551171067
1785487304.680141,1.1719091705709017,1.2273703542783652
1785487304.680141,1.1469042214774772,1.215257881894152
1785487304.680141,1.1234446672332798,1.2043591374748468
1785487304.680141,1.098795674192329,1.1917588822132112
1785487304.680141,1.0810674252923587,1.1863044647971457
1785487304.680141,1.0574169587814772,1.173997236322906
1785487304.680141,1.0372713325158482,1.1651901150511736
1785487304.680141,1.0066955576003986,1.1441766483172038
1785487304.680141,0.8372893169846198,0.9628720881166273
1785487304.680141,0.6928443526475546,0.8061858507558612
1785487304.680141,0.6739010503306235,0.7934345544739224
1785487304.680141,0.6667024186004418,0.7942775096911985
1785487304.680141,0.6601554252937895,0.7958334595349177
1785487304.680141,0.6536128797263278,0.7973401036063028
1785487304.680141,0.6521108240690808,0.8050139755284557
1785487304.680141,0.6436673588732502,0.804109614532784
1785487304.680141,0.6395992390792753,0.8086246661661174
1785487304.680141,0.6385792482482501,0.8170590070953445
1785487304.680141,0.5403017613243136,0.6996642141850482
1785487304.680141,0.4749573135611124,0.6224986251769392
1785487304.680141,0.4622988441665034,0.6132730133767679
1785487304.680141,0.4605154225960445,0.6183579773865583
1785487304.680141,0.45572528853739663,0.6194154113788456
1785487304.680141,0.45329021563822175,0.623673811421534
1785487304.680141,0.44265601401445653,0.6165522348704162
1785487304.680141,0.441954316229137,0.6231952985867387
1785487304.680141,0.4348793119368819,0.6208413715494473
1785487304.680141,0.43353621193471387,0.6266501336495435
1785487304.680141,0.4293193810428561,0.6283357660923896
1785487304.680141,0.4295723834418705,0.6366251468784255
1785487304.680141,0.4247527376767153,0.6374488765358428
1785487304.680141,0.4199381152069509,0.6382381821942432
1785487304.680141,0.4178526593955677,0.6431859645749807
1785487304.680141,0.41302426017450533,0.6439223079071552
1785487304.680141,0.4210413864013181,0.6649008585404276
1785487304.680141,0.42193708187192663,0.6749704475118901
1785487304.680141,0.446885696413875,0.7242197132134374
1785487304.680141,0.4437055687435922,0.7285151632244286
1785487304.680141,0.43276265626652966,0.7199419693846059
1785487304.680141,0.43162854057137934,0.7276076068794918
1785487304.680141,0.424862700125562,0.7257910997868061
1785487304.680141,0.4161320461932837,0.7204569027328729
1785487304.680141,0.41292421295641485,0.7246030499782392
1785487304.680141,0.4052717635901641,0.7208910000244122
1785487304.680141,0.39719159647636265,0.7162400750176365
1785487304.680141,0.3925385306679083,0.7176611542818784
1785487304.680141,0.38598332785036565,0.7155319060762291
1785487304.680141,0.3747698730197317,0.7045221836601725
1785487304.680141,0.36044640093124286,0.6872077033751697
1785487304.680141,0.3334760378541499,0.64487963846097
1785487304.680141,0.291115549264194,0.5710802939449136
1785487304.680141,0.2693808934177046,0.5361286812619795
1785487304.680141,0.25560726986760735,0.5161791307544075
1785487304.680141,0.24953047233609887,0.5113663558422783
1785487304.680141,0.24958468993513566,0.5191179576796874
1785487304.680141,0.24613262896493204,0.5196573055868097
1785487304.680141,0.23972319530420222,0.5138304756725482
1785487304.680141,0.23631260243791538,0.5143076284249251
1785487304.680141,0.23290458447883547,0.5147625198425105
1785487304.680141,0.23356841712960802,0.5243298538271377
1785487304.680141,0.21445063295665456,0.4890469344819789
1785487304.680141,0.19812935716772564,0.45906944771821157
1785487304.680141,0.19193732838740454,0.4519303692978897
1785487304.680141,0.18622073813774076,0.4456577684623774
1785487304.680141,0.18134406734091996,0.4411840063064858
1785487304.680141,0.17877456568251734,0.4422314471466459
1785487304.680141,0.1725051182148906,0.4339711871950961
1785487304.680141,0.16961374000566698,0.4340359092693271
1785487304.680141,0.1649347025293746,0.42941419582801993
1785487304.680141,0.1652588785900342,0.43785099992765686
1785487304.680141,0.15958001653477857,0.430366367695598
1785487304.680141,0.15638939206416097,0.4294081351119579
1785487304.680141,0.1525418738563862,0.4265442356059419
1785487304.680141,0.1510517800483998,0.4302549941158703
1785487304.680141,0.14756909077331423,0.4282900555191683
1785487304.680141,0.14315363737850484,0.42345723908607685
1785487304.680141,0.14163211248133215,0.4271303477689678
1785487304.680141,0.13883582775751516,0.42699603486131477
1785487304.680141,0.13392019185207518,0.4201742436676717
1785487304.680141,0.13147370952624718,0.4209461682101461
1785487304.680141,0.1272673627460055,0.4159663693784851
1785487304.680141,0.12455846487958186,0.4157417181412701
1785487304.680141,0.12157508526004313,0.4145401166663065
1785487304.680141,0.12081660349339764,0.4210075328081945
1785487304.680141,0.11728452987369738,0.41785203891870515
1785487304.680141,0.11432257328690114,0.416598558469377
1785487304.680141,0.11241525885903135,0.41918825955872174
1785487304.680141,0.10921468322294005,0.41693302584001346
1785487304.680141,0.10579640449569955,0.4136860028891882
1785487304.680141,0.10435665025525467,0.418175423255718
1785487304.680141,0.10168581997213146,0.4178037818974293
1785487304.680141,0.09948449189308722,0.4193612177352249
1785487304.680141,0.09546721221130128,0.41311258410613
1785487304.680141,0.09306245923058772,0.41366094139548293
1785487304.680141,0.09044075189390205,0.4132184374553435
1785487304.680141,0.08782734300153922,0.41275943378041574
1785487304.680141,0.08744906149454673,0.42305634533171205
1785487304.680141,0.08301931349316878,0.4137532911537531
1785487304.680141,0.0794649187964942,0.40833972843917593
1785487304.680141,0.07875597514923675,0.41763920614698347
1785487304.680141,0.07542722520007318,0.4131715414736103
1785487304.680141,0.073891787806014,0.418527196043006
1785487304.680141,0.07095150415101466,0.4159926398533368
1785487304.680141,0.06869280934932824,0.41738507951275255
1785487304.680141,0.06642030528856856,0.4187652550052539
1785487304.680141,0.06353045162090687,0.4161789097597555
1785487304.680141,0.06154385223682594,0.41950965424659026
1785487304.680141,0.059660032035983135,0.4238215228496394
1785487304.680141,0.05705995726261165,0.4231703551382588
1785487304.680141,0.054853072367903336,0.42547870929661435
1785487304.680141,0.05225498146311073,0.4247980927045364
1785487304.680141,0.05024824573675263,0.4290677376383369
1785487304.680141,0.04819358492863828,0.43332824651075097
1785487304.680141,0.043891244977888814,0.4166948024807799
1785487304.680141,0.03434101377145937,0.3452965345303922
1785487304.680141,0.024784600737999988,0.26484283067790126
1785487304.680141,0.019923043549773374,0.2271278767348325
1785487304.680141,0.01648024996717999,0.20132661076591923
1785487304.680141,0.014550961154305228,0.19144782623564843
1785487304.680141,0.01350701900690348,0.19252678219927097
1785487304.680141,0.01148830671494972,0.1786309621648248
1785487304.680141,0.010507363666114823,0.179693065764121
1785487304.680141,0.00898879006182994,0.1707635879157229
1785487304.680141,0.008416085029328065,0.17980314815847864
1785487304.680141,0.0072471672308211926,0.1768515732102186
1785487304.680141,0.006253404108535548,0.1778901235045289
1785487304.680141,0.0047787248751661165,0.1629299377176407
1785487304.680141,0.0042773975678819355,0.18194972526741737
1785487304.680141,0.003095092727346421,0.1749726245957574
1785487304.680141,2.3739412137268653e-05,0.0019998592001165974
1785487304.680141,0.0010531810600612945,0.1739968076353465
1785487304.680141,4.146902241897876e-05,0.17599999416087156
1785487304.680141,-0.0009265346032128129,0.165997407919589
1785487304.680141,-0.0019377447660445758,0.1699889577389927
1785487304.680141,-0.002771627422065911,0.16097613979227843
1785487304.680141,-0.003546785313489434,0.15395915061120852
1785487304.680141,-0.004673099074148849,0.16193258566310373
1785487304.680141,-0.005822969173007739,0.16789905380608344
1785487304.680141,-0.006597196758886216,0.16286644163556635
1785487304.680141,-0.007868500638441335,0.16981780620909642
1785487304.680141,-0.00880412755186321,0.1687705165526996
1785487304.680141,-0.009843645844883366,0.1697147702601276
1785487304.680141,-0.010639604486972008,0.16666072537640153
1785487304.680141,-0.01153940023470415,0.1655984303808967
1785487304.680141,-0.012427200438348465,0.16453135522724463
1785487304.680141,-0.01362744011102862,0.1674463857925522
1785487304.680141,-0.014340534007343224,0.16437564067717844
1785487304.680141,-0.01492566434553189,0.16030665627114313
1785487304.680141,-0.015463954194760451,0.1562365762798773
1785487304.680141,-0.016372544083803512,0.1561439766600668
1785487304.680141,-0.017940983938721306,0.16200963524252915
1785487304.680141,-0.0194623507494435,0.16686885911479568
1785487304.680141,-0.01945973560482801,0.1588122084280079
1785487304.680141,-0.020510636239252405,0.15968817521047382
1785487304.680141,-0.021971871700400634,0.16353054460139788
1785487304.680141,-0.02236707668186668,0.15943874492010218
1785487304.680141,-0.023872915767524514,0.16326385410250896
1785487304.680141,-0.02437092771576567,0.16015635496841255
1785487304.680141,-0.02514598229649089,0.1590241462021868
1785487304.680141,-0.026394483422838875,0.16084878632102975
1785487304.680141,-0.027162050965157638,0.15970667845103229
1785487304.680141,-0.028264028324167266,0.1605308242020749
1785487304.680141,-0.028301757577160604,0.15544456508968704
1785487304.680141,-0.029944902045340963,0.15920836346118936
1785487304.680141,-0.030679975011814412,0.15804979795705013
1785487304.680141,-0.03159885523120362,0.1578686537887346
1785487304.680141,-0.03372846684192443,0.16355851885829953
1785487304.680141,-0.03301805444596,0.15553393937948595
1785487304.680141,-0.03434895595376775,0.15729319351413792
1785487304.680141,-0.035482400419977064,0.1580664398755525
1785487304.680141,-0.03640129619202086,0.15785735899867326
1785487304.680141,-0.03708859574404976,0.1566698297909472
1785487304.680141,-0.03752729759741277,0.1545079290953484
1785487304.680141,-0.03866712842860903,0.15525737352756
1785487304.680141,-0.03932231886523067,0.15406087581653918
1785487304.680141,-0.04097667760000417,0.15673197519128174
1785487304.680141,-0.04137058426662951,0.15455896484199336
1785487304.680141,-0.04147643590086619,0.15142228010420697
1785487304.680141,-0.04316593918182827,0.1540671949187806
1785487304.680141,-0.04351067570986906,0.15189082723176187
1785487304.680141,-0.04495545128856533,0.15355457093500102
1785487304.680141,-0.04556139034670328,0.15233239290437647
1785487304.680141,-0.047323115540595345,0.1549339307254118
1785487304.680141,-0.04703288482875325,0.1508373628865327
1785487304.680141,-0.04821275351885045,0.15151412018828003
1785487304.680141,-0.049093318072631,0.15123109580677338
1785487304.680141,-0.04840076927457216,0.14619632442922223
1785487304.680141,-0.05052962990413484,0.1497022337830317
1785487304.680141,-0.05270086905438992,0.15318818020789754
1785487304.680141,-0.052598666217237126,0.15004792078021498
1785487304.680141,-0.05347062746115386,0.14973940769619895
1785487304.680141,-0.05434077928493786,0.14942582750315844
1785487304.680141,-0.055209092243072855,0.14910719081249524
1785487304.680141,-0.05678089107262841,0.1506550029371352
1785487304.680141,-0.05622386047919149,0.14658744543722693
1785487304.680141,-0.059256863491683555,0.1518473738503066
1785487304.680141,-0.06013917976820101,0.15150009859044583
1785487304.680141,-0.060270754415707374,0.14929311994580127
1785487304.680141,-0.059619236258114765,0.14523962377737923
1785487304.680141,-0.060848224238773126,0.14581322266813218
1785487304.680141,-0.06325731846994673,0.14913923633466472
1785487304.680141,-0.0641238134187004,0.14876873565080445
1785487304.680141,-0.06498813844866873,0.14839320070499154
1785487304.680141,-0.06666323218270967,0.1498399644980562
1785487304.680141,-0.065474785966104,0.1448932387000541
1785487304.680141,-0.06756780191553952,0.14723651822424236
1785487304.680141,-0.06800078952374984,0.14593454740100642
1785487304.680141,-0.06756567335847134,0.14282465501969427
1785487304.680141,-0.07055977059022692,0.14693644745386134
1785487304.680141,-0.071413328030828,0.14652350458430946
1785487304.680141,-0.07359448584726604,0.1487946556677018
1785487304.680141,-0.07176752056486144,0.1430014749838722
1785487304.680141,-0.07395938567203306,0.14525498300272618
1785487304.680141,-0.07480310426173034,0.14482229251367176
1785487304.680141,-0.07471613886734464,0.14261310631826793
1785487304.680141,-0.07742136168552866,0.14570839000691485
1785487304.680141,-0.07826765923579813,0.14525555301398163
1785487304.680141,-0.07767291796591036,0.1421651081283878
1785487304.680141,-0.07946771993215124,0.14346038817251883
1785487304.680141,-0.08128017989709671,0.14473952555639036
1785487304.680141,-0.07964726103920029,0.13991895264739299
1785487304.680141,-0.08395809662019409,0.14551645010404168
1785487304.680141,-0.08379360345558833,0.14329909253837234
1785487304.680141,-0.08615516263201445,0.14539012301826304
1785487304.680141,-0.08648467024775787,0.14402916736239393
1785487304.680141,-0.08680127696747522,0.1426693270589133
1785487304.680141,-0.0850060947385598,0.13790563444542153
1785487304.680141,-0.08474752789153525,0.13571239947721905
1785487304.680141,-0.08981233177489568,0.14197797117906694
1785487304.680141,-0.09171573003254532,0.1431370862934014
1785487304.680141,-0.09254682806722553,0.14260114032735774
1785487304.680141,-0.09117773594773515,0.13871776515586773
1785487304.680141,-0.09253725164953355,0.13901746517534558
1785487304.680141,-0.08999068279035022,0.13350159741335113
1785487304.680141,-0.0964033867891623,0.14123522336940472
1785487304.680141,-0.09551766600188326,0.13820410529546717
1785487304.680141,-0.0980400073974353,0.1401040979205723
1785487304.680141,-0.0936505451041966,0.13218765281289355
1785487304.680141,-0.09966335761253126,0.13895400841293923
1785487304.680141,-0.09929489765623865,0.13675351263807306
1785487304.680141,-0.0989042487979838,0.13456206053837774
1785487304.680141,-0.10505760912146814,0.14120516431769575
1785487304.680141,-0.10708039607061123,0.1421892748443504
1785487304.680141,-0.10669329431522928,0.1399733567950362
1785487304.680141,-0.10261910989769572,0.13301623029830814
1785487304.680141,-0.10646826355073888,0.1363580082831662
1785487304.680141,-0.1091196753102486,0.1380901738882697
1785487304.680141,-0.10742291718226457,0.1343291437977781
1785487304.680141,-0.10946067421710917,0.1352566414545805
1785487304.680141,-0.1115128240423834,0.13616493578891403
1785487304.680141,-0.11230302907259017,0.135513945132697
1785487304.680141,-0.11244687891577221,0.1340921264616994
1785487304.680141,-0.10804900889265226,0.12733581681499936
1785487304.680141,-0.11855928222478362,0.1380858256780416
1785487304.680141,-0.11345809543428055,0.13059961005641366
1785487304.680141,-0.11223527653640454,0.1276841544936731
1785487304.680141,-0.11231156852750539,0.12628187318180698
1785487304.680141,-0.12307778418374554,0.13677667627203993
1785487304.680141,-0.11848564028931585,0.13014281658830615
1785487304.680141,-0.12059570643278612,0.13092240714781583
1785487304.680141,-0.1206734887093282,0.12948710168399183
1785487304.680141,-0.1166225868089182,0.12368982518365737
1785487304.680141,-0.12355226287362242,0.12952158188470034
1785487304.680141,-0.11458154934242902,0.11872687443850763
1785487304.680141,-0.12854380317591932,0.13165291791934414
1785487304.680141,-0.12719919467904514,0.1287686405986403
1785487304.680141,-0.1343080727229606,0.13439248749633786
1785487304.680141,-0.13722054762818534,0.13571854234068126
1785487304.680141,-0.12442146266816767,0.12163592349775132
1785487304.680141,-0.12081221190909223,0.1167407756210335
1785487304.680141,-0.1345059784626146,0.1284684529314934
1785487304.680141,-0.12361652464069434,0.11670028039265368
1785487304.680141,-0.1294112547401297,0.12075482402946085
1785487304.680141,-0.13525716654733433,0.12474573751913819
1785487304.680141,-0.13745859501355204,0.12530417510082004
1785487304.680141,-0.12704121587866526,0.11446191843882772
1785487304.680141,-0.13367940796186298,0.11904124378581413
1785487304.680141,-0.13812296470642985,0.12156498982977537
1785487304.680141,-0.14260028010279677,0.12404095471795919
1785487304.680141,-0.0015166078548282677,0.0013038025136702335
1785487304.680141,-0.14860623181426766,0.12625840596359048
1785487304.680141,-0.0,0.0
1785487304.680141,-0.0015391291304643882,0.0012771381678328918
1785487304.680141,-0.14382750908542488,0.11793917615058495
1785487304.680141,-0.15694221340163758,0.1271736784640105
1785487304.680141,-0.001561181666217151,0.0012500848711375799
1785487304.680141,-0.145863724465654,0.11541133187778596
1785487304.680141,-0.15047166658272312,0.11764045825821982
1785487304.680141,-0.16302414328488204,0.12593303301540348
1785487304.680141,-0.1462656697725486,0.11163491379310872
1785487304.680141,-0.13493602153420614,0.10175101970955758
1785487304.680141,-0.0,0.0
1785487304.680141,-0.0,0.0
1785487304.680141,-0.0,0.0
1785487304.680141,-0.0,0.0
1785487304.680141,-0.0,0.0
1785487304.680141,-0.0,0.0
1785487304.680141,-0.0,0.0
1785487304.680141,-0.0,0.0
1785487304.680141,-0.0,0.0
1785487304.680141,-0.0,0.0
1785487304.680141,-0.0,0.0
1785487304.680141,-0.0,0.0
1785487304.680141,-0.0,0.0
1785487304.680141,-0.0,0.0
1785487304.680141,-0.0,0.0
1785487304.680141,-0.0,0.0
1785487304.680141,-0.0,0.0
1785487304.680141,-0.0,0.0
1785487304.680141,-0.0,0.0
1785487304.680141,-0.0,0.0
1785487304.680141,-0.0,0.0
1785487304.680141,-0.0,0.0
1785487304.680141,-0.0,0.0
1785487304.680141,-0.0,0.0
1785487304.680141,-0.0,0.0
1785487304.680141,-0.0,0.0
1785487304.680141,-0.0,0.0
1785487304.680141,-0.0,0.0
1785487304.680141,-0.0,0.0
1785487304.680141,-0.0,0.0
1785487304.680141,-0.0,0.0
1785487304.680141,-0.0,0.0
1785487304.680141,-0.0,0.0
1785487304.680141,-0.0,0.0
1785487304.680141,-0.0,0.0
1785487304.680141,-0.0,0.0
1785487304.680141,-0.0,0.0
1785487304.680141,-0.0,0.0
1785487304.680141,-0.0,0.0
1785487304.680141,-0.0,0.0
1785487304.680141,-0.0,0.0
1785487304.680141,-0.0,0.0
1785487304.680141,-0.0,0.0
1785487304.680141,-0.0,0.0
1785487304.680141,-0.0,0.0
1785487304.680141,-0.0,0.0
1785487304.680141,-0.0,0.0
1785487304.680141,-0.0,0.0
1785487304.680141,-0.0,0.0
1785487304.680141,-0.0,0.0
1785487304.680141,-0.0,0.0
1785487304.7469423,2.8285915522749234,1.0291597412393017
1785487304.7469423,2.821619258437994,1.045249319157789
1785487304.7469423,2.8173623899586753,1.0623510106109226
1785487304.7469423,2.813935750817397,1.0797968430921698
1785487304.7469423,2.8104013850396408,1.097238722101756
1785487304.7469423,2.8067592228786475,1.1146759841235452
1785487304.7469423,2.8002274962501095,1.1309844623340266
1785487304.7469423,2.7936010112794936,1.1472546685781382
1785487304.7469423,2.791494137562164,1.1654123977927466
1785487304.7469423,2.7837468239317515,1.181240531573076
1785487304.7469423,2.77958308001898,1.1986019360270943
1785487304.7469423,2.7780593081230918,1.2171587547525347
1785487304.7469423,2.771845437699922,1.2337051444339904
1785487304.7469423,2.767355551194352,1.2510443214097184
1785487304.7469423,2.763666376915299,1.2687901655826312
1785487304.7469423,2.757145383973542,1.285267936330148
1785487304.7469423,2.7487181016163538,1.3008570732474514
1785487304.7469423,2.7474141792136346,1.3198560227702643
1785487304.7469423,2.7441840240825743,1.338007054885055
1785487304.7469423,2.7964051372851686,1.3836609389781167
1785487304.7469423,1.5156961360221635,0.7609738203876363
1785487304.7469423,1.5050063744866962,0.7666008401971921
1785487304.7469423,1.480976537551265,0.765243542695121
1785487304.7469423,1.4702998055256724,0.7705961140923404
1785487304.7469423,1.4640262634766468,0.7781973236599672
1785487304.7469423,1.4471509861943468,0.780057817571798
1785487304.7469423,1.4267940146440048,0.7798301044087361
1785487304.7469423,1.4073638166713964,0.7798769025818797
1785487304.7469423,1.4019315590417234,0.7875608119869485
1785487304.7469423,1.381684759910113,0.7867956090218642
1785487304.7469423,1.361494833371828,0.785821800827437
1785487304.7469423,1.3422266252133763,0.7851449060156485
1785487304.7469423,1.3333355313075352,0.7903899120898091
1785487304.7469423,1.3141421842006822,0.7893790574321926
1785487304.7469423,1.2847554299916617,0.7819330727112881
1785487304.7469423,1.26401257528742,0.7794211005621129
1785487304.7469423,1.2323173066209183,0.7698070595412576
1785487304.7469423,1.2286634357768729,0.7774973636558716
1785487304.7469423,1.2123333066591215,0.7770766489606321
1785487304.7469423,1.186823725551092,0.7705026518533826
1785487304.7469423,1.1731303918846876,0.7713502491220738
1785487304.7469423,1.170288167350197,0.7792699508597958
1785487304.7469423,1.1582731522965612,0.7810327646356363
1785487304.7469423,1.1512327061081682,0.7860657766892862
1785487304.7469423,1.1400601185763624,0.7881998662341136
1785487304.7469423,1.1248057255375752,0.7873634170478149
1785487304.7469423,1.126733555322468,0.7985190111753914
1785487304.7469423,1.1180068657903208,0.8021451094700882
1785487304.7469423,1.0947124478514136,0.7951187193176722
1785487304.7469423,1.0908742104802163,0.8020656968199139
1785487304.7469423,1.0885966587478533,0.8101890498180689
1785487304.7469423,1.0774754630544783,0.8116942557165345
1785487304.7469423,1.0759163711075157,0.820373746333367
1785487304.7469423,1.083000928655082,0.8357829096292437
1785487304.7469423,1.067087285444978,0.833451048561172
1785487304.7469423,1.0410393016790387,0.8229011061930879
1785487304.7469423,1.0081228691578294,0.8064547742077479
1785487304.7469423,0.9909787072426037,0.8022382071398997
1785487304.7469423,0.9932573330547033,0.8136927987536337
1785487304.7469423,0.9931262873523439,0.8232861464585456
1785487304.7469423,0.98372352564564,0.8251933867293016
1785487304.7469423,0.9758570030870679,0.8283133684082008
1785487304.7469423,0.9793668183604901,0.84114306586688
1785487304.7469423,0.978231229297884,0.8501056827912903
1785487304.7469423,0.9792773344301476,0.8610644310980567
1785487304.7469423,0.9921827868708092,0.8826988066098485
1785487304.7469423,1.0026394037573625,0.9025049386461892
1785487304.7469423,1.1127098091484398,1.0133616660758606
1785487304.7469423,1.1913685731751817,1.0977435667313453
1785487304.7469423,1.1791109975879508,1.0992002631328812
1785487304.7469423,1.185063956150858,1.117704903832067
1785487304.7469423,1.1944585700538708,1.1397674324184055
1785487304.7469423,1.2468028858704878,1.2036493270937771
1785487304.7469423,1.2390645534080256,1.210183047874608
1785487304.7469423,1.235560362416831,1.2208847411068804
1785487304.7469423,1.258847743040352,1.2584523264668375
1785487304.7469423,1.238147114076641,1.252243129307757
1785487304.7469423,1.2147659494115781,1.2429753862422817
1785487304.7469423,1.1887559132486283,1.2306015850921754
1785487304.7469423,1.1712185613101511,1.2266470615912513
1785487304.7469423,1.1469042214774772,1.215257881894152
1785487304.7469423,1.1248089625537716,1.2058216941840212
1785487304.7469423,1.10625197395378,1.1998460195016658
1785487304.7469423,1.0857823404920828,1.1914783557328197
1785487304.7469423,1.0634401821188775,1.1806845203626968
1785487304.7469423,1.0432556322745168,1.1719124129743135
1785487304.7469423,1.0133011649849966,1.1516843617071628
1785487304.7469423,0.8399140145463696,0.9658904570014212
1785487304.7469423,0.6934961652090921,0.8069442924786644
1785487304.7469423,0.672606348373725,0.7919102041707966
1785487304.7469423,0.6654166059233252,0.7927456537047548
1785487304.7469423,0.655686231529164,0.7904457374943833
1785487304.7469423,0.6548807836123273,0.7988868151953538
1785487304.7469423,0.6508519390883917,0.8034599145228216
1785487304.7469423,0.6455421313343532,0.8064516978157908
1785487304.7469423,0.6495251443987431,0.8211736677673471
1785487304.7469423,0.6287265837006655,0.8044525712699143
1785487304.7469423,0.5421353774033122,0.7020386568481353
1785487304.7469423,0.4810231739089337,0.6304487916850041
1785487304.7469423,0.4659105432349428,0.6180641946636372
1785487304.7469423,0.45215327599902266,0.6071296888154716
1785487304.7469423,0.45394741410549794,0.6169989494217996
1785487304.7469423,0.44564718349890686,0.6131579017003583
1785487304.7469423,0.4397399692850882,0.612490629836365
1785487304.7469423,0.441954316229137,0.6231952985867387
1785487304.7469423,0.43602673595729613,0.6224794543071899
1785487304.7469423,0.43353621193471387,0.6266501336495435
1785487304.7469423,0.4298835590399643,0.6291614758778746
1785487304.7469423,0.4290130516070607,0.6357962185645603
1785487304.7469423,0.423089236563563,0.6349523725191879
1785487304.7469423,0.4210374154934865,0.6399089412683948
1785487304.7469423,0.42057659844543366,0.647378828556667
1785487304.7469423,0.4222025877941413,0.6582317092509574
1785487304.7469423,0.41890140043226615,0.6615214318283682
1785487304.7469423,0.42405737300222707,0.678362265663367
1785487304.7469423,0.4432097706404598,0.718262534608752
1785487304.7469423,0.4421450768424217,0.7259530091921708
1785487304.7469423,0.43997536669250625,0.7319410013562563
1785487304.7469423,0.4331591184986735,0.7301877424315729
1785487304.7469423,0.4253678811241692,0.7266540982859968
1785487304.7469423,0.41913298956328116,0.7256524900119666
1785487304.7469423,0.40846819457135813,0.7167835896238713
1785487304.7469423,0.4023314401041587,0.7156607991353979
1785487304.7469423,0.39622163721568116,0.7144909854100071
1785487304.7469423,0.38917938510555994,0.7115197742813626
1785487304.7469423,0.38503378332250676,0.7137716502389962
1785487304.7469423,0.37617879220888956,0.7071707818939318
1785487304.7469423,0.3623043480946221,0.6907499654142399
1785487304.7469423,0.33072004568694624,0.6395500704241658
1785487304.7469423,0.2992904042600624,0.5871168766894541
1785487304.7469423,0.26758501722684175,0.5325544829522868
1785487304.7469423,0.25560726986760735,0.5161791307544075
1785487304.7469423,0.2534773529359907,0.5194547545473182
1785487304.7469423,0.24828478635505646,0.5164142530099555
1785487304.7469423,0.2439923472315634,0.5151385506235354
1785487304.7469423,0.24014600731385688,0.5147367446540093
1785487304.7469423,0.23589509437011047,0.5133989693776048
1785487304.7469423,0.2324923692807691,0.5138514474625965
1785487304.7469423,0.23112694260067498,0.5188490700867239
1785487304.7469423,0.214852244684142,0.4899627955427361
1785487304.7469423,0.19852561078038736,0.459987574792974
1785487304.7469423,0.19232824606307342,0.4528508133356098
1785487304.7469423,0.18814848717077542,0.4502711984208726
1785487304.7469423,0.18400530077227206,0.44765840408622365
1785487304.7469423,0.1772754048548915,0.4385229998080915
1785487304.7469423,0.17102755534561198,0.4302540817597811
1785487304.7469423,0.16779385179071224,0.4293788759645959
1785487304.7469423,0.16601036045033704,0.43221471490637375
1785487304.7469423,0.16172770929860134,0.42849521814843233
1785487304.7469423,0.1602753557196021,0.43224160624856367
1785487304.7469423,0.15775822981751364,0.43316663854483056
1785487304.7469423,0.15388881463709272,0.4303106101179912
1785487304.7469423,0.15038927089890594,0.4283679069850476
1785487304.7469423,0.1456145293576948,0.4226173281693929
1785487304.7469423,0.14315363737850484,0.42345723908607685
1785487304.7469423,0.1403731671656211,0.4233336540594628
1785487304.7469423,0.1379081968941535,0.4241430630681678
1785487304.7469423,0.13452753182153684,0.42207977119707957
1785487304.7469423,0.13147370952624718,0.4209461682101461
1785487304.7469423,0.12902277819377306,0.42170384813818934
1785487304.7469423,0.12570647152915368,0.4195734469394052
1785487304.7469423,0.12241935418098396,0.41741885893686265
1785487304.7469423,0.12054077004635841,0.4200463407563892
1785487304.7469423,0.11674405510958626,0.41592647821252215
1785487304.7469423,0.11458720545927091,0.41756289454373385
1785487304.7469423,0.1111201533818589,0.41435890617350496
1785487304.7469423,0.10921468322294005,0.41693302584001346
1785487304.7469423,0.10678747355728677,0.4175612895837547
1785487304.7469423,0.10435665025525467,0.418175423255718
1785487304.7469423,0.10073990346652303,0.41391722727741725
1785487304.7469423,0.0990228459774262,0.4174152220360947
1785487304.7469423,0.09569237454474655,0.4140869227430126
1785487304.7469423,0.09350143398967253,0.4156121762284455
1785487304.7469423,0.09044075189390205,0.4132184374553435
1785487304.7469423,0.08782734300153922,0.41275943378041574
1785487304.7469423,0.08643691453777255,0.4181598354646713
1785487304.7469423,0.08282258779071675,0.4127728457198028
1785487304.7469423,0.07984696244167305,0.41030290414849446
1785487304.7469423,0.07820004674644465,0.4146911441570621
1785487304.7469423,0.07560681687713496,0.4141552999222423
1785487304.7469423,0.0742395093796892,0.4204967103768045
1785487304.7469423,0.0711196385271318,0.4169784211106614
1785487304.7469423,0.06901759869817738,0.4193585353879507
1785487304.7469423,0.06642030528856856,0.4187652550052539
1785487304.7469423,0.0641340675809391,0.42013311165428663
1785487304.7469423,0.06154385223682594,0.41950965424659026
1785487304.7469423,0.05952063707917893,0.4228312688914336
1785487304.7469423,0.05692632910222255,0.42217933658862905
1785487304.7469423,0.054469485568444956,0.42250334238841053
1785487304.7469423,0.05237707096853724,0.42579059882724996
1785487304.7469423,0.04920140692281315,0.4201288233542014
1785487304.7469423,0.046535550291233956,0.418420178494139
1785487304.7469423,0.04357698877783506,0.4137113162462078
1785487304.7469423,0.03463790926865284,0.3482817983604246
1785487304.7469423,0.024691423970930836,0.2638471640942482
1785487304.7469423,0.01939875316990115,0.22115083008152478
1785487304.7469423,0.01648024996717999,0.20132661076591923
1785487304.7469423,0.014626747563243711,0.19244495234268816
1785487304.7469423,0.01350701900690348,0.19252678219927097
1785487304.7469423,0.011103223038938135,0.17264332018531503
1785487304.7469423,0.00011674848608514107,0.0019965896350969186
1785487304.7469423,0.00951444978632868,0.18074975290130507
1785487304.7469423,9.351205660717197e-05,0.0019978127728214963
1785487304.7469423,0.0072471672308211926,0.1768515732102186
1785487304.7469423,0.005761563394774314,0.16389876714933704
1785487304.7469423,0.005071897896296555,0.1729256297319491
1785487304.7469423,4.7004372064829276e-05,0.0019994476659783845
1785487304.7469423,0.0030597201667471033,0.17297293337098382
1785487304.7469423,0.0018398043674020944,0.1549890818394589
1785487304.7469423,0.0010773921686750578,0.17799674246883304
1785487304.7469423,4.241150211632102e-05,0.18000000215606998
1785487304.7469423,-0.0009656053369877105,0.1729972981661702
1785487304.7469423,-0.0020175342474190124,0.17698850226882337
1785487304.7469423,-0.0027888425342746563,0.16197599362811224
1785487304.7469423,-0.004099531170227846,0.17795278853557064
1785487304.7469423,-0.0046442527251939125,0.16093299977821343
1785487304.7469423,-0.005857629774508319,0.16889845497469572
1785487304.7469423,-0.006880511923820393,0.1698607051781946
1785487304.7469423,-0.007498218198656651,0.16182637880871145
1785487304.7469423,-0.008543650653401276,0.1637773107586556
1785487304.7469423,-0.009554127128597744,0.16472316418299898
1785487304.7469423,-0.010575894149713555,0.1656627549128875
1785487304.7469423,-0.01167842944023628,0.1675935963119633
1785487304.7469423,-0.012728465379779955,0.16851998720772043
1785487304.7469423,-0.013059630156765692,0.16046945367003157
1785487304.7469423,-0.01407979650735371,0.16138698672695623
1785487304.7469423,-0.01520378288100252,0.16329374290502358
1785487304.7469423,-0.01625192648586186,0.164197676747105
1785487304.7469423,-0.01762394811349037,0.1680785422720804
1785487304.7469423,-0.017500713508742858,0.15803393067624083
1785487304.7469423,-0.019114809789035046,0.1638890667810933
1785487304.7469423,-0.01994622999172974,0.162782521773505
1785487304.7469423,-0.020255845208163308,0.15770446713140665
1785487304.7469423,-0.021172892960233877,0.15758396752840204
1785487304.7469423,-0.022089224231862457,0.15745813536026804
1785487304.7469423,-0.023294177265736765,0.15930593462423914
1785487304.7469423,-0.024220489585931548,0.1591677334927142
1785487304.7469423,-0.02514598229649089,0.1590241462021868
1785487304.7469423,-0.02607062407918962,0.15887517761158126
1785487304.7469423,-0.02682671632403817,0.1577349870728128
1785487304.7469423,-0.028264028324167266,0.1605308242020749
1785487304.7469423,-0.02919738192158931,0.16036369197867595
1785487304.7469423,-0.029944902045340963,0.15920836346118936
1785487304.7469423,-0.030870534250832266,0.15903147571963053
1785487304.7469423,-0.031206322068815146,0.1559075485062714
1785487304.7469423,-0.033122568006051595,0.16062035043701373
1785487304.7469423,-0.033225715593899946,0.1565121422729371
1785487304.7469423,-0.03413560796684511,0.15631621516760408
1785487304.7469423,-0.03526337281366425,0.15709071913640998
1785487304.7469423,-0.035951896564191094,0.15590849877100524
1785487304.7469423,-0.03662786690848159,0.1547236167623823
1785487304.7469423,-0.03729127988816301,0.15353619359024442
1785487304.7469423,-0.03866712842860903,0.15525737352756
1785487304.7469423,-0.03882770116754875,0.15212301360753772
1785487304.7469423,-0.04021784870146709,0.15382952533283034
1785487304.7469423,-0.04111201758518438,0.1535929693324974
1785487304.7469423,-0.04147643590086619,0.15142228010420697
1785487304.7469423,-0.042626367856657965,0.1521413653850497
1785487304.7469423,-0.04461220988187794,0.1557361579208583
1785487304.7469423,-0.04326962259793462,0.1477962770275932
1785487304.7469423,-0.0447017439697389,0.1494582051621221
1785487304.7469423,-0.04703099695229697,0.15397754650163428
1785487304.7469423,-0.046437530677120586,0.14892802539760794
1785487304.7469423,-0.048515979008936685,0.15246704114789938
1785487304.7469423,-0.049402081715983426,0.15218223673516607
1785487304.7469423,-0.04965793466739813,0.14999363927329298
1785487304.7469423,-0.050209821486541274,0.14875474941421274
1785487304.7469423,-0.052375554389571206,0.1522425722436894
1785487304.7469423,-0.052598666217237126,0.15004792078021498
1785487304.7469423,-0.05447950930467607,0.15256468536465753
1785487304.7469423,-0.05502431250914587,0.15130540153572103
1785487304.7469423,-0.055556319954223526,0.15004497382030088
1785487304.7469423,-0.05678089107262841,0.1506550029371352
1785487304.7469423,-0.05658197495397949,0.14752112529460165
1785487304.7469423,-0.05816624417875596,0.1490526312875025
1785487304.7469423,-0.057556515909936684,0.1449939601518914
1785487304.7469423,-0.059522047867408924,0.14743854325096906
1785487304.7469423,-0.06037871282996468,0.14708979997027205
1785487304.7469423,-0.060463108132755725,0.1448903523424602
1785487304.7469423,-0.06286684040526541,0.14821862190173274
1785487304.7469423,-0.06372798660894374,0.14785040826375895
1785487304.7469423,-0.06458697628842425,0.14747719143958649
1785487304.7469423,-0.0658502643115114,0.14801264420514662
1785487304.7469423,-0.06588657792183829,0.14580451880974185
1785487304.7469423,-0.06756780191553952,0.14723651822424236
1785487304.7469423,-0.06884552154841864,0.14774740261281424
1785487304.7469423,-0.06884856205921064,0.14553650745901847
1785487304.7469423,-0.07055977059022692,0.14693644745386134
1785487304.7469423,-0.0700989696567675,0.14382674754248745
1785487304.7469423,-0.07137778649596613,0.1443128930342892
1785487304.7469423,-0.07266461640998682,0.1447889970836345
1785487304.7469423,-0.07259816724714123,0.14258157303083363
1785487304.7469423,-0.07480310426173034,0.14482229251367176
1785487304.7469423,-0.07471613886734464,0.14261310631826793
1785487304.7469423,-0.07413681953469538,0.1395268228232777
1785487304.7469423,-0.07826765923579813,0.14525555301398163
1785487304.7469423,-0.0805496913823242,0.1474304800819024
1785487304.7469423,-0.0789831596956692,0.1425856279594659
1785487304.7469423,-0.07883198394902857,0.14037990528437472
1785487304.7469423,-0.07964726103920029,0.13991895264739299
1785487304.7469423,-0.07946033971537599,0.13772092299507374
1785487304.7469423,-0.08227926561974332,0.14070935741869667
1785487304.7469423,-0.08564536773644056,0.14452982468770162
1785487304.7469423,-0.0875142517558524,0.14574380380510404
1785487304.7469423,-0.08368266955911872,0.13754348518359297
1785487304.7469423,-0.08448136469684299,0.13705436337435203
1785487304.7469423,-0.08951457820995719,0.1433462249496232
1785487304.7469423,-0.0850009550091057,0.1343720055139387
1785487304.7469423,-0.08955770850466123,0.13976914806132115
1785487304.7469423,-0.09363561647481707,0.14427880418402694
1785487304.7469423,-0.09227626515490386,0.14038906698183368
1785487304.7469423,-0.09142902707344523,0.13735259434044872
1785487304.7469423,-0.09334437133197568,0.1384768099981573
1785487304.7469423,-0.09302081343529471,0.13627960387191013
1785487304.7469423,-0.09551766600188326,0.13820410529546717
1785487304.7469423,-0.09402667426089309,0.13436884316410747
1785487304.7469423,-0.0976971731709602,0.1378994643710335
1785487304.7469423,-0.1037431436735826,0.14464218348781793
1785487304.7469423,-0.09753226276233602,0.13432593056760123
1785487304.7469423,-0.10127321770276944,0.13778511051907583
1785487304.7469423,-0.10386377022833103,0.13960055691720397
1785487304.7469423,-0.10166621682749914,0.13499992694590043
1785487304.7469423,-0.10366223769185705,0.13599684474774926
1785487304.7469423,-0.10017580187486715,0.12984918253324496
1785487304.7469423,-0.10400657367748724,0.13320522719204353
1785487304.7469423,-0.1004397019777236,0.12710572930093003
1785487304.7469423,-0.11117022640709583,0.13901504186236915
1785487304.7469423,-0.10631525545340326,0.13136995995010475
1785487304.7469423,-0.11214642092098467,0.1369386017688735
1785487304.7469423,-0.11485537582871995,0.13859381378028457
1785487304.7469423,-0.10602134899617055,0.12642972641226768
1785487304.7469423,-0.11387201168113109,0.1341982288258641
1785487304.7469423,-0.11530216212683937,0.1342922625793342
1785487304.7469423,-0.11804889491309252,0.13588399826586775
1785487304.7469423,-0.11619651973879841,0.13219065195730625
1785487304.7469423,-0.11762809336041667,0.13225971432070274
1785487304.7469423,-0.12107107711795012,0.13454661725260428
1785487304.7469423,-0.11511957415480932,0.12644558098661193
1785487304.7469423,-0.12262821232697273,0.1331289580448608
1785487304.7469423,-0.11453754636700036,0.12290300936590261
1785487304.7469423,-0.1221107093829492,0.12951052373222077
1785487304.7469423,-0.11595966082970076,0.12156214994490952
1785487304.7469423,-0.12569247849233128,0.1302397741823682
1785487304.7469423,-0.12784519413555226,0.13093741148203045
1785487304.7469423,-0.12930747296319103,0.13090293185211963
1785487304.7469423,-0.12158415569871668,0.12166057328659124
1785487304.7469423,-0.132243637178147,0.13079610875974598
1785487304.7469423,-0.12442146266816767,0.12163592349775132
1785487304.7469423,-0.13016077356585576,0.12577428573980232
1785487304.7469423,-0.12148926635058256,0.11603601768660068
1785487304.7469423,-0.1294337737514127,0.12219205913589189
1785487304.7469423,-0.1381848950668267,0.12894158796954916
1785487304.7469423,-0.14113791387145702,0.1301694661158381
1785487304.7469423,-0.13302444891872633,0.12126210687923028
1785487304.7469423,-0.13298466541636283,0.11981686274980605
1785487304.7469423,-0.13293259413480846,0.11837620757564198
1785487304.7469423,-0.13812296470642985,0.12156498982977537
1785487304.7469423,-0.15014527269155079,0.13060397186893757
1785487304.7469423,-0.15696890723664325,0.13494355523193524
1785487304.7469423,-0.1470820735453291,0.12496345493009058
1785487304.7469423,-0.14550900083826163,0.12217663348226693
1785487304.7469423,-0.15083464367646135,0.1251595312295599
1785487304.7469423,-0.14228097363220427,0.11667101042623679
1785487304.7469423,-0.0015538833207078375,0.0012591453472914093
1785487304.7469423,-0.001561181666217151,0.0012500848711375799
1785487304.7469423,-0.0015684271820950964,0.0012409820927172376
1785487304.7469423,-0.0,0.0
1785487304.7469423,-0.0015827587460139204,0.0012226508626325269
1785487304.7469423,-0.1446758223170691,0.11042148836038318
1785487304.7469423,-0.0,0.0
1785487304.7469423,-0.0,0.0
1785487304.7469423,-0.0,0.0
1785487304.7469423,-0.0016176461953755215,0.0011761042328665944
1785487304.7469423,-0.0,0.0
1785487304.7469423,-0.0,0.0
1785487304.7469423,-0.0,0.0
1785487304.7469423,-0.0,0.0
1785487304.7469423,-0.0,0.0
1785487304.7469423,-0.0,0.0
1785487304.7469423,-0.0,0.0
1785487304.7469423,-0.0,0.0
1785487304.7469423,-0.0,0.0
1785487304.7469423,-0.0,0.0
1785487304.7469423,-0.0,0.0
1785487304.7469423,-0.0,0.0
1785487304.7469423,-0.0,0.0
1785487304.7469423,-0.0,0.0
1785487304.7469423,-0.0,0.0
1785487304.7469423,-0.0,0.0
1785487304.7469423,-0.0,0.0
1785487304.7469423,-0.0,0.0
1785487304.7469423,-0.0,0.0
1785487304.7469423,-0.0,0.0
1785487304.7469423,-0.0,0.0
1785487304.7469423,-0.0,0.0
1785487304.7469423,-0.0,0.0
1785487304.7469423,-0.0,0.0
1785487304.7469423,-0.0,0.0
1785487304.7469423,-0.0,0.0
1785487304.7469423,-0.0,0.0
1785487304.7469423,-0.0,0.0
1785487304.7469423,-0.0,0.0
1785487304.7469423,-0.0,0.0
1785487304.7469423,-0.0,0.0
1785487304.7469423,-0.0,0.0
1785487304.7469423,-0.0,0.0
1785487304.7469423,-0.0,0.0
1785487304.7469423,-0.0,0.0
1785487304.7469423,-0.0,0.0
1785487304.7469423,-0.0,0.0
1785487304.7469423,-0.0,0.0
1785487304.7469423,-0.0,0.0
1785487304.7469423,-0.0,0.0
1785487304.7469423,-0.0,0.0
1785487304.7469423,-0.0,0.0
1785487304.7469423,-0.0,0.0
1785487304.7469423,-0.0,0.0
1785487304.7469423,-0.0,0.0
1785487304.7469423,-0.0,0.0
1785487304.7469423,-0.0,0.0
1785487304.7469423,-0.0,0.0
1785487304.841325,2.8257723383114937,1.028133993456534
1785487304.841325,2.8234945756135192,1.0459440174219365
1785487304.841325,2.8182982351854915,1.0627038924858376
1785487304.841325,2.814869527443285,1.080155162948085
1785487304.841325,2.8094699307053457,1.0968750630995585
1785487304.841325,2.804900355063693,1.1139377536069763
1785487304.841325,2.7993003358012514,1.1306099913086713
1785487304.841325,2.7954511646397684,1.1480144753907755
1785487304.841325,2.7924168786280044,1.165797630154016
1785487304.841325,2.7865084969053044,1.1824124054027165
1785487304.841325,2.777746686452107,1.1978100529204572
1785487304.841325,2.776227333751883,1.216356106789664
1785487304.841325,2.771845437699922,1.2337051444339904
1785487304.841325,2.7637107438496478,1.2493966055861203
1785487304.841325,2.7627576409176062,1.2683729678678077
1785487304.841325,2.757145383973542,1.285267936330148
1785487304.841325,2.753237636497605,1.3029959862609781
1785487304.841325,2.7519209803421405,1.3220210871635
1785487304.841325,2.741487460139068,1.3366922663910263
1785487304.841325,1.354284750458657,0.6700999381236219
1785487304.841325,1.5174834905503871,0.7618711836330814
1785487304.841325,1.513025896454951,0.770685721419666
1785487304.841325,1.48186488137151,0.7657025637227327
1785487304.841325,1.474728415263331,0.7729171845582724
1785487304.841325,1.4649093121402306,0.7786667046566104
1785487304.841325,1.4541929925577972,0.7838536703664297
1785487304.841325,1.425916486570339,0.7793504817005632
1785487304.841325,1.40648919775259,0.7793922410570783
1785487304.841325,1.4036752325178532,0.7885403525999293
1785487304.841325,1.3921125385370297,0.7927336715043974
1785487304.841325,1.364093124081772,0.7873214712152452
1785487304.841325,1.3379107879450767,0.7826203266467513
1785487304.841325,1.325593631224679,0.7858005798608119
1785487304.841325,1.304712560602879,0.7837148701950242
1785487304.841325,1.285609695623749,0.782452999333131
1785487304.841325,1.26145899669525,0.7778465014832799
1785487304.841325,1.2374060580366286,0.7729859135125663
1785487304.841325,1.2227483005793693,0.7737542702359724
1785487304.841325,1.2089656572687821,0.774918066260029
1785487304.841325,1.195211164601999,0.7759478952301794
1785487304.841325,1.178979306902856,0.7751959955860367
1785487304.841325,1.1719528516820215,0.7803784286806004
1785487304.841325,1.1541275829163025,0.7782373743534454
1785487304.841325,1.150406819121688,0.7855018581243944
1785487304.841325,1.1359473516184373,0.7853564351612535
1785487304.841325,1.1215287415759203,0.785069529995963
1785487304.841325,1.1251017143762105,0.7973625212380447
1785487304.841325,1.1171943228598504,0.8015621279537353
1785487304.841325,1.1003761237369465,0.7992323975037328
1785487304.841325,1.0989308810298726,0.8079893670436457
1785487304.841325,1.0869922628026019,0.8089949766818255
1785487304.841325,1.0702870133095257,0.8062789831042524
1785487304.841325,1.0711450901318829,0.8167356999629417
1785487304.841325,1.0766675771974248,0.8308952804786771
1785487304.841325,1.0647229691155053,0.8316043936990933
1785487304.841325,1.0426082932110712,0.8241413330176032
1785487304.841325,1.0073419474133845,0.8058300705249354
1785487304.841325,0.9987510819932112,0.8085302656267026
1785487304.841325,0.9963515527276444,0.8162276345729583
1785487304.841325,0.994666090027622,0.824562618773276
1785487304.841325,0.9806589145930416,0.8226226473827541
1785487304.841325,0.9850057266776701,0.8360788607190565
1785487304.841325,0.9824012233268421,0.8437492075582556
1785487304.841325,0.975966789326153,0.8481378318061096
1785487304.841325,0.9807792741718396,0.8623850650428587
1785487304.841325,0.9877000908587286,0.8787107607854115
1785487304.841325,1.004125877459637,0.9038429569331656
1785487304.841325,1.1186245576807707,1.0187483170947187
1785487304.841325,1.1913685731751817,1.0977435667313453
1785487304.841325,1.1886199656843028,1.1080647892504512
1785487304.841325,1.1901563766914707,1.1225078711158794
1785487304.841325,1.1987993689950514,1.14390947751555
1785487304.841325,1.2468028858704878,1.2036493270937771
1785487304.841325,1.237633781345994,1.2087856258516145
1785487304.841325,1.2348490105985555,1.2201818385155474
1785487304.841325,1.2666271656340118,1.2662293054666292
1785487304.841325,1.247287333447743,1.2614874079380585
1785487304.841325,1.2189595637445563,1.2472663851773518
1785487304.841325,1.1970932428860273,1.2392323989984386
1785487304.841325,1.1670751527152246,1.222307564126104
1785487304.841325,1.1489633098793837,1.2174396886772068
1785487304.841325,1.1275373905656787,1.208746633260171
1785487304.841325,1.0967621085097243,1.1895532674463078
1785487304.841325,1.0790467244082262,1.1840870577929363
1785487304.841325,1.05407070586493,1.170282058839285
1785487304.841325,1.041260865688294,1.1696716469999335
1785487304.841325,1.011319467020607,1.1494320297903744
1785487304.841325,0.83466454119978,0.9598536292762727
1785487304.841325,0.6987104326059475,0.8130115550338674
1785487304.841325,0.6803746372863602,0.8010563968490798
1785487304.841325,0.6718457459503027,0.8004050249438803
1785487304.841325,0.6595169472962853,0.7950637587430707
1785487304.841325,0.6510769963803952,0.7942465882358193
1785487304.841325,0.6495929790713444,0.8019057608867408
1785487304.841325,0.6461670803201354,0.8072324232652521
1785487304.841325,0.6439417949239395,0.814114819305221
1785487304.841325,0.6311897314854442,0.807604156744828
1785487304.841325,0.5372457588129319,0.6957068411969746
1785487304.841325,0.4743507347574062,0.6217036180034787
1785487304.841325,0.46350273189627916,0.6148700579403077
1785487304.841325,0.4593208098812525,0.6167539088454553
1785487304.841325,0.45454006246476036,0.6178044687477814
1785487304.841325,0.4503505582405092,0.6196291899621373
1785487304.841325,0.4496545422221377,0.6263001160030298
1785487304.841325,0.44368975107696496,0.6256424176632028
1785487304.841325,0.43602673595729613,0.6224794543071899
1785487304.841325,0.4352430253854704,0.6291172283179641
1785487304.841325,0.4310118477820652,0.6308127970211672
1785487304.841325,0.4273350227634268,0.6333093842143506
1785487304.841325,0.42530727109898925,0.6382810941431114
1785487304.841325,0.42433538187734,0.6449213180771326
1785487304.841325,0.4216661610766141,0.649055954156189
1785487304.841325,0.4200429794024265,0.6548647883364787
1785487304.841325,0.41676141446321424,0.6581420051163089
1785487304.841325,0.41769649961132566,0.6681868112089363
1785487304.841325,0.4437349252510844,0.7191135963557519
1785487304.841325,0.44838710645627883,0.7362017271333663
1785487304.841325,0.43636902683348533,0.7259415109132208
1785487304.841325,0.43162854057137934,0.7276076068794918
1785487304.841325,0.4258730621227763,0.7275170967851876
1785487304.841325,0.4161320461932837,0.7204569027328729
1785487304.841325,0.41242910636052693,0.723734232558025
1785487304.841325,0.40478169020297305,0.7200192652382336
1785487304.841325,0.40107137570599005,0.7232363291960543
1785487304.841325,0.3920586322998334,0.716783776929432
1785487304.841325,0.38455902520765384,0.7128915485497918
1785487304.841325,0.3757091618100081,0.7062879333568624
1785487304.841325,0.35719493802347596,0.6810086392378023
1785487304.841325,0.33026069084374327,0.6386617649641507
1785487304.841325,0.2965654616180905,0.5817713668089493
1785487304.841325,0.26982985577527374,0.5370222175245035
1785487304.841325,0.2564948101721879,0.5179714498193745
1785487304.841325,0.2508461079157787,0.5140625065997343
1785487304.841325,0.2500180169555916,0.520019246288075
1785487304.841325,0.24356429598772383,0.5142348104044423
1785487304.841325,0.24268275336987483,0.5201740884661928
1785487304.841325,0.2413227739087957,0.5252116994757597
1785487304.841325,0.23166791431437955,0.5120292483979236
1785487304.841325,0.23356841712960802,0.5243298538271377
1785487304.841325,0.21244267006644066,0.4844678475262823
1785487304.841325,0.19812935716772564,0.45906944771821157
1785487304.841325,0.19193732838740454,0.4519303692978897
1785487304.841325,0.18660628334823146,0.44658044345479186
1785487304.841325,0.18134406734091996,0.4411840063064858
1785487304.841325,0.17765020064659592,0.43945012545774503
1785487304.841325,0.1717663367802513,0.4321126344774386
1785487304.841325,0.17106965491658652,0.43776154701635533
1785487304.841325,0.16744457813544217,0.43594875889133844
1785487304.841325,0.16419952990734726,0.4350442709703753
1785487304.841325,0.160623030492684,0.43317923949663417
1785487304.841325,0.15502056450942361,0.42564965968206125
1785487304.841325,0.15355208195080242,0.42936902350543615
1785487304.841325,0.1517142891978937,0.432142081246693
1785487304.841325,0.14626604982956795,0.4245082372859847
1785487304.841325,0.14379414712562005,0.42535190620098917
1785487304.841325,0.14068790114956775,0.4242828204149076
1785487304.841325,0.1375989804628918,0.423192053575911
1785487304.841325,0.13300916379750805,0.41731589558368304
1785487304.841325,0.13206995448098025,0.422855196485943
1785487304.841325,0.1275599276276875,0.416922601589282
1785487304.841325,0.12513246820436777,0.41765758254033764
1785487304.841325,0.12185650543799578,0.4154996878905522
1785487304.841325,0.11888574470237359,0.4142791025071848
1785487304.841325,0.11728452987369738,0.41785203891870515
1785487304.841325,0.11326402882391233,0.4127411566923002
1785487304.841325,0.11163819711661539,0.416290653284635
1785487304.841325,0.10972148093060957,0.41886775380434865
1785487304.841325,0.10604417545310883,0.4146548389993685
1785487304.841325,0.10435665025525467,0.418175423255718
1785487304.841325,0.1009763790691187,0.4148888514539054
1785487304.841325,0.09763791510948937,0.4115772639362409
1785487304.841325,0.09546721221130128,0.41311258410613
1785487304.841325,0.09240400036257071,0.4107341036838421
1785487304.841325,0.09065455706133213,0.4141953005989513
1785487304.841325,0.08824358718577761,0.4147156436340786
1785487304.841325,0.08643691453777255,0.4181598354646713
1785487304.841325,0.08341277076103115,0.41571421124158076
1785487304.841325,0.07965593777264242,0.409321301667066
1785487304.841325,0.07820004674644465,0.4146911441570621
1785487304.841325,0.07542722520007318,0.4131715414736103
1785487304.841325,0.07371792183765448,0.41754240952767835
1785487304.841325,0.07179216099947013,0.42092145800573927
1785487304.841325,0.06853041225503935,0.4163983368717913
1785487304.841325,0.06626365564013034,0.41777761380592926
1785487304.841325,0.0641340675809391,0.42013311165428663
1785487304.841325,0.06154385223682594,0.41950965424659026
1785487304.841325,0.05938124627659784,0.42184104444459586
1785487304.841325,0.05692632910222255,0.42217933658862905
1785487304.841325,0.05523666297796541,0.42845410576251974
1785487304.841325,0.05213288831908657,0.42380555700245454
1785487304.841325,0.05013192838716576,0.4280745084956363
1785487304.841325,0.048083050603833465,0.4323343871575228
1785487304.841325,0.043367483603844535,0.4117223155437065
1785487304.841325,0.03473687640065096,0.349276906074448
1785487304.841325,0.024784600737999988,0.26484283067790126
1785487304.841325,0.020010425496767053,0.22812405365107757
1785487304.841325,0.016725005426584803,0.20431660103952293
1785487304.841325,0.014172030238916025,0.18646221055875664
1785487304.841325,0.013087111880188818,0.1865414964831854
1785487304.841325,0.012322652766914051,0.19160415671288347
1785487304.841325,0.010273866231839936,0.1756998785911843
1785487304.841325,0.00898879006182994,0.1707635879157229
1785487304.841325,9.351205660717197e-05,0.0019978127728214963
1785487304.841325,0.007042445189141663,0.17185577085204254
1785487304.841325,7.026296962548677e-05,0.0019987654927677303
1785487304.841325,0.0048080422646516125,0.16392950989802274
1785487304.841325,0.004042375942855029,0.17195249694647777
1785487304.841325,0.003201210145598796,0.1809716833712477
1785487304.841325,0.0020178499570497935,0.16998802572392627
1785487304.841325,0.0011076559642490367,0.18299664610980296
1785487304.841325,4.0055306383968735e-05,0.16999999706923472
1785487304.841325,-0.0009711868822657442,0.17399728461581454
1785487304.841325,-0.0019263462444409614,0.16898902067756075
1785487304.841325,-0.0029782082555215735,0.17297435602437825
1785487304.841325,-0.00382315807026377,0.16595596212478525
1785487304.841325,-0.004730791772058723,0.16393175743288432
1785487304.841325,-0.005857629774508319,0.16889845497469572
1785487304.841325,-0.006637670440034473,0.16386562426864915
1785487304.841325,-0.0075445035898428214,0.16282530909440845
1785487304.841325,-0.00838736404855468,0.16078137835367293
1785487304.841325,-0.009554127128597744,0.16472316418299898
1785487304.841325,-0.010066213350358082,0.15767902094655264
1785487304.841325,-0.011886973248534476,0.17058634520856322
1785487304.841325,-0.012125934374615703,0.16054270838793155
1785487304.841325,-0.012897398395913895,0.1584760402487236
1785487304.841325,-0.013819059007364196,0.15839833277673404
1785487304.841325,-0.015389193856556032,0.16528511915728747
1785487304.841325,-0.015956436326306635,0.1612122585111311
1785487304.841325,-0.01720681395491091,0.16410035867471384
1785487304.841325,-0.017390647541380085,0.15704001934529238
1785487304.841325,-0.018767267102366893,0.16090925964655872
1785487304.841325,-0.019094866626980858,0.1558344882094249
1785487304.841325,-0.019491474013233284,0.1517533576739521
1785487304.841325,-0.021039731821153894,0.15659288611802338
1785487304.841325,-0.02153352140201189,0.15349693099726097
1785487304.841325,-0.02257075629446663,0.154358550020771
1785487304.841325,-0.02376917743812746,0.1562018837971973
1785487304.841325,-0.024677424993443445,0.15606097203840327
1785487304.841325,-0.026394483422838875,0.16084878632102975
1785487304.841325,-0.027665052926836846,0.16266421551836152
1785487304.841325,-0.028090629028653336,0.15954597053912023
1785487304.841325,-0.028660005713429432,0.15741220704918987
1785487304.841325,-0.029944902045340963,0.15920836346118936
1785487304.841325,-0.030870534250832266,0.15903147571963053
1785487304.841325,-0.03159885523120362,0.1578686537887346
1785487304.841325,-0.03251666616063784,0.15768216742164456
1785487304.841325,-0.033433376741839896,0.15749034516638827
1785487304.841325,-0.03370891517212611,0.1543622730326187
1785487304.841325,-0.034825317601038616,0.15513927765812494
1785487304.841325,-0.035951896564191094,0.15590849877100524
1785487304.841325,-0.03731896016183385,0.15764293630522966
1785487304.841325,-0.03705525866193003,0.1525644436049666
1785487304.841325,-0.03866712842860903,0.15525737352756
1785487304.841325,-0.03956962955667613,0.15502981414017838
1785487304.841325,-0.03996490950442434,0.15286205646327505
1785487304.841325,-0.04111201758518438,0.1535929693324974
1785487304.841325,-0.04279734019896081,0.15624464095254484
1785487304.841325,-0.04289615150917239,0.15310427297760215
1785487304.841325,-0.04351067570986906,0.15189082723176187
1785487304.841325,-0.04495545128856533,0.15355457093500102
1785487304.841325,-0.04584794056233217,0.15329046024389023
1785487304.841325,-0.04615464554029919,0.15110840808150836
1785487304.841325,-0.047628234544660815,0.15274668614981346
1785487304.841325,-0.04912242998910915,0.15437288306713814
1785487304.841325,-0.049402081715983426,0.15218223673516607
1785487304.841325,-0.050915095376927545,0.15379093997129223
1785487304.841325,-0.05180885880900201,0.1534921571397188
1785487304.841325,-0.05270086905438992,0.15318818020789754
1785487304.841325,-0.05226786124312566,0.14910423528172392
1785487304.841325,-0.05347062746115386,0.14973940769619895
1785487304.841325,-0.0539990177655429,0.14848605449076657
1785487304.841325,-0.0569452307988262,0.1537961058515235
1785487304.841325,-0.05642821401244863,0.14971925567192795
1785487304.841325,-0.056940084092456794,0.1484547912390905
1785487304.841325,-0.05671209051200625,0.1453263217520387
1785487304.841325,-0.06013917976820101,0.15150009859044583
1785487304.841325,-0.059522047867408924,0.14743854325096906
1785487304.841325,-0.06113819506038671,0.1489399899481265
1785487304.841325,-0.061233334606124984,0.14673607924199258
1785487304.841325,-0.06286684040526541,0.14821862190173274
1785487304.841325,-0.06293633298943044,0.14601375348966794
1785487304.841325,-0.06458697628842425,0.14747719143958649
1785487304.841325,-0.06625674824711053,0.14892630435160142
1785487304.841325,-0.06588657792183829,0.14580451880974185
1785487304.841325,-0.06715071587451037,0.1463276489885992
1785487304.841325,-0.06884552154841864,0.14774740261281424
1785487304.841325,-0.0697038254411674,0.14734441806520554
1785487304.841325,-0.0683953625468063,0.14242919883215396
1785487304.841325,-0.07097520857280784,0.14562458557036878
1785487304.841325,-0.07403782703878306,0.14969101086572556
1785487304.841325,-0.07311316433254951,0.1456827581335156
1785487304.841325,-0.07532059733569353,0.14792837969567468
1785487304.841325,-0.07617984444249122,0.14748772560152668
1785487304.841325,-0.07471613886734464,0.14261310631826793
1785487304.841325,-0.07554447646109355,0.14217605838258843
1785487304.841325,-0.07921635295216395,0.14701621676395332
1785487304.841325,-0.07911130824639095,0.14479780064349446
1785487304.841325,-0.07656036573375459,0.1382118399291177
1785487304.841325,-0.08079054654444265,0.14386761189614183
1785487304.841325,-0.08113137451526815,0.1425261434091581
1785487304.841325,-0.08395809662019409,0.14551645010404168
1785487304.841325,-0.08328882919151967,0.14243585607407463
1785487304.841325,-0.08666495752758833,0.14625042134882446
1785487304.841325,-0.08391072414848601,0.13974258903062978
1785487304.841325,-0.0873210461597261,0.1435236361598287
1785487304.841325,-0.08920392725322322,0.14471579032907583
1785487304.841325,-0.08527720102610756,0.136560603711842
1785487304.841325,-0.0839317663681341,0.13268180071630217
1785487304.841325,-0.09009721388663225,0.14061113261934122
1785487304.841325,-0.09363561647481707,0.14427880418402694
1785487304.841325,-0.0917270005513195,0.1395534160688507
1785487304.841325,-0.09198313523300874,0.13818502355573634
1785487304.841325,-0.0950212197672781,0.14096442246860028
1785487304.841325,-0.09527585953763455,0.13958334610109993
1785487304.841325,-0.09381199838723411,0.135736182067429
1785487304.841325,-0.09746667287173887,0.13928477406838416
1785487304.841325,-0.09249436319534728,0.13055570317943993
1785487304.841325,-0.10141183239024257,0.14139179081152622
1785487304.841325,-0.10164506875969102,0.1399902766741294
1785487304.841325,-0.10541890446106533,0.143425435978525
1785487304.841325,-0.1026699402299688,0.13799596147194473
1785487304.841325,-0.09986148742507187,0.1326034736786544
1785487304.841325,-0.09699390228052457,0.12724850402258914
1785487304.841325,-0.1093382228890568,0.14172563229906848
1785487304.841325,-0.1033911489165431,0.1324170289830017
1785487304.841325,-0.09981970256273003,0.12632112444590582
1785487304.841325,-0.1086720140528434,0.13589110206093574
1785487304.841325,-0.1082025123360792,0.13370197580272494
1785487304.841325,-0.10581046157628195,0.12920195349777683
1785487304.841325,-0.10975069182467373,0.13243408795849093
1785487304.841325,-0.11051922376980965,0.1317934110140206
1785487304.841325,-0.1093430116547703,0.12886079978674386
1785487304.841325,-0.1166050140488105,0.1358096923411011
1785487304.841325,-0.1160814094221731,0.133619260461816
1785487304.841325,-0.12279859830136047,0.13970148852470324
1785487304.841325,-0.11962179388630749,0.13450140892326176
1785487304.841325,-0.11170646407904138,0.12413969731550564
1785487304.841325,-0.10973386232059783,0.12052999741272245
1785487304.841325,-0.12127321176271355,0.13165792776686053
1785487304.841325,-0.1206734887093282,0.12948710168399183
1785487304.841325,-0.12005265958427887,0.12732775771079918
1785487304.841325,-0.12838391497963833,0.13458667101647803
1785487304.841325,-0.11805371405503177,0.12232465493832458
1785487304.841325,-0.11946190647127714,0.1223513555579762
1785487304.841325,-0.12719919467904514,0.1287686405986403
1785487304.841325,-0.12794610894413794,0.12802652512145363
1785487304.841325,-0.12157882755741682,0.1202480353036605
1785487304.841325,-0.12513653001526917,0.12233498196614233
1785487304.841325,-0.1308798953418726,0.12646917272656946
1785487304.841325,-0.13378282659241497,0.12777776094098914
1785487304.841325,-0.1337967078755842,0.1263108906360122
1785487304.841325,-0.1316046702691993,0.1228015200974973
1785487304.841325,-0.13966772430199043,0.1288135314410431
1785487304.841325,-0.13302444891872633,0.12126210687923028
1785487304.841325,-0.13521345207391466,0.1218249606324483
1785487304.841325,-0.15533696443296138,0.1383272542416397
1785487304.841325,-0.13962430431895329,0.12288635109012311
1785487304.841325,-0.1524087738410497,0.1325728799481268
1785487304.841325,-0.13725300000374066,0.11799411815252735
1785487304.841325,-0.1455579039204649,0.1236684942484013
1785487304.841325,-0.0015316737850049026,0.001286069903352215
1785487304.841325,-0.0015391291304643882,0.0012771381678328918
1785487304.841325,-0.0015465323925396342,0.0012681632145765996
1785487304.841325,-0.15072667939522297,0.12213709648850965
1785487304.841325,-0.146751064629212,0.1175079682820168
1785487304.841325,-0.0015684271820950964,0.0012409820927172376
1785487304.841325,-0.0015756196231569268,0.0012318373200639941
1785487304.841325,-0.16065000046729846,0.12409905309190489
1785487304.841325,-0.0015898443090816175,0.001213423031288105
1785487304.841325,-0.15170321778671889,0.11439463626920954
1785487304.841325,-0.0,0.0
1785487304.841325,-0.0016107772509395195,0.001185494423367459
1785487304.841325,-0.1593381401694334,0.11584625961232431
1785487304.841325,-0.0016244603994478393,0.0011666742435681805
1785487304.841325,-0.0,0.0
1785487304.841325,-0.0,0.0
1785487304.841325,-0.0,0.0
1785487304.841325,-0.0,0.0
1785487304.841325,-0.0,0.0
1785487304.841325,-0.0,0.0
1785487304.841325,-0.0,0.0
1785487304.841325,-0.0,0.0
1785487304.841325,-0.0,0.0
1785487304.841325,-0.0,0.0
1785487304.841325,-0.0,0.0
1785487304.841325,-0.0,0.0
1785487304.841325,-0.0,0.0
1785487304.841325,-0.0,0.0
1785487304.841325,-0.0,0.0
1785487304.841325,-0.0,0.0
1785487304.841325,-0.0,0.0
1785487304.841325,-0.0,0.0
1785487304.841325,-0.0,0.0
1785487304.841325,-0.0,0.0
1785487304.841325,-0.0,0.0
1785487304.841325,-0.0,0.0
1785487304.841325,-0.0,0.0
1785487304.841325,-0.0,0.0
1785487304.841325,-0.0,0.0
1785487304.841325,-0.0,0.0
1785487304.841325,-0.0,0.0
1785487304.841325,-0.0,0.0
1785487304.841325,-0.0,0.0
1785487304.841325,-0.0,0.0
1785487304.841325,-0.0,0.0
1785487304.841325,-0.0,0.0
1785487304.841325,-0.0,0.0
1785487304.841325,-0.0,0.0
1785487304.841325,-0.0,0.0
1785487304.841325,-0.0,0.0
1785487304.841325,-0.0,0.0
1785487304.841325,-0.0,0.0
1785487304.841325,-0.0,0.0
1785487304.841325,-0.0,0.0
1785487304.841325,-0.0,0.0
1785487304.841325,-0.0,0.0
1785487304.841325,-0.0,0.0
1785487304.841325,-0.0,0.0
1785487304.841325,-0.0,0.0
1785487304.841325,-0.0,0.0
1785487304.841325,-0.0,0.0
1785487304.8848152,2.8295312155795904,1.0295016299940443
1785487304.8848152,2.821619258437994,1.045249319157789
1785487304.8848152,2.8173623899586753,1.0623510106109226
1785487304.8848152,2.813002196784268,1.0794386086521919
1785487304.8848152,2.813195970134643,1.0983297858176964
1785487304.8848152,2.803971031948194,1.1135686823486035
1785487304.8848152,2.803009198664983,1.132107964697414
1785487304.8848152,2.7963761310473254,1.1483943335111952
1785487304.8848152,2.791494137562164,1.1654123977927466
1785487304.8848152,2.7901906543778705,1.1839748727983996
1785487304.8848152,2.7823378893003294,1.1997898550937152
1785487304.8848152,2.7780593081230918,1.2171587547525347
1785487304.8848152,2.772759183734555,1.2341118385332719
1785487304.8848152,2.766444403670737,1.2506324170070142
1785487304.8848152,2.7609401689222204,1.2675385724381605
1785487304.8848152,2.755332580439448,1.284422881778154
1785487304.8848152,2.7514297794444476,1.3021404006577701
1785487304.8848152,2.7546251469817853,1.3233201670957915
1785487304.8848152,2.7459818048122955,1.3388836153774974
1785487304.8848152,2.7981977885133666,1.3845479425988
1785487304.8848152,1.520164575610724,0.7632172552451021
1785487304.8848152,1.513025896454951,0.770685721419666
1785487304.8848152,1.480976537551265,0.765243542695121
1785487304.8848152,1.4756141794454167,0.7733814207869328
1785487304.8848152,1.4622602714121642,0.7772586176186415
1785487304.8848152,1.4453903796680614,0.7791087978097975
1785487304.8848152,1.422406583484896,0.7774321052134929
1785487304.8848152,1.4003663439696574,0.7759993214817485
1785487304.8848152,1.3958285459767052,0.7841323322626329
1785487304.8848152,1.3808157351949624,0.7863007459026846
1785487304.8848152,1.3597626739805568,0.7848220404326085
1785487304.8848152,1.3318686363489922,0.7790859275684393
1785487304.8848152,1.3187118852922526,0.7817211396637739
1785487304.8848152,1.3089987345672536,0.7862894895966883
1785487304.8848152,1.278775876061971,0.7782937722899492
1785487304.8848152,1.2563518395109103,0.7746973033256139
1785487304.8848152,1.2433428672858242,0.7766945343739518
1785487304.8848152,1.2320434842512773,0.7796362559687343
1785487304.8848152,1.2106494317829148,0.7759973254454863
1785487304.8848152,1.1859850416376976,0.7699581664631557
1785487304.8848152,1.1748014962317552,0.7724490244699264
1785487304.8848152,1.1711204599040115,0.7798241567345594
1785487304.8848152,1.16324787508814,0.7843872596332099
1785487304.8848152,1.1421483430520891,0.7798629413602375
1785487304.8848152,1.1334796718324625,0.7836503629589886
1785487304.8848152,1.1239864551321415,0.7867899281943509
1785487304.8848152,1.1234699706907079,0.7962061002296491
1785487304.8848152,1.1180068657903208,0.8021451094700882
1785487304.8848152,1.1036124823994664,0.8015830507369596
1785487304.8848152,1.094096936325932,0.8044352072788381
1785487304.8848152,1.0829812251241329,0.8060097582546064
1785487304.8848152,1.072683194962856,0.8080840978844516
1785487304.8848152,1.0639882634646067,0.8112787026882853
1785487304.8848152,1.0750842629265356,0.829673391398836
1785487304.8848152,1.070239738533886,0.8359132795035963
1785487304.8848152,1.0363322335625544,0.8191803517953108
1785487304.8848152,1.0065611187577157,0.8052054413091252
1785487304.8848152,0.9940877127352561,0.8047550755389731
1785487304.8848152,0.9963515527276444,0.8162276345729583
1785487304.8848152,0.9846578315138285,0.8162659291281466
1785487304.8848152,0.9798928303281274,0.8219800200056466
1785487304.8848152,0.9872928166915529,0.8380201566540747
1785487304.8848152,0.9770909694189864,0.839188420763311
1785487304.8848152,0.9812504226067716,0.8527294319749806
1785487304.8848152,0.9792773344301476,0.8610644310980567
1785487304.8848152,0.9899414833969261,0.8807048233158159
1785487304.8848152,1.004869158611713,0.9045120059532196
1785487304.8848152,1.1127098091484398,1.0133616660758606
1785487304.8848152,1.192104020238374,1.098421217880174
1785487304.8848152,1.1820368808773274,1.101927853400598
1785487304.8848152,1.1923388302485467,1.124566273981369
1785487304.8848152,1.1901176848676538,1.1356253050251592
1785487304.8848152,1.2468028858704878,1.2036493270937771
1785487304.8848152,1.2369183526740992,1.20808687319316
1785487304.8848152,1.244807512075501,1.2300220558511952
1785487304.8848152,1.2666271656340118,1.2662293054666292
1785487304.8848152,1.2444749131253525,1.258642968868259
1785487304.8848152,1.219658541127071,1.2479815942943235
1785487304.8848152,1.1922297729897613,1.2341977289735073
1785487304.8848152,1.1670751527152246,1.222307564126104
1785487304.8848152,1.1482769198053318,1.2167123908506532
1785487304.8848152,1.1295837522318781,1.210940381152833
1785487304.8848152,1.103540606914357,1.1969052582408903
1785487304.8848152,1.0783731306818898,1.1833478927544594
1785487304.8848152,1.062101696908451,1.179198467084612
1785487304.8848152,1.0419258143051509,1.1704185986711992
1785487304.8848152,1.011979980512036,1.1501827474299684
1785487304.8848152,0.8366331034826373,0.9621174509176484
1785487304.8848152,0.6967550726198165,0.810736320274532
1785487304.8848152,0.6732536607665524,0.7926723338925955
1785487304.8848152,0.6731316352688139,0.8019369722372315
1785487304.8848152,0.6607938271823417,0.7966030685755675
1785487304.8848152,0.6555147733422938,0.79966021708607
1785487304.8848152,0.6521108240690808,0.8050139755284557
1785487304.8848152,0.6536660956683038,0.8166006633319022
1785487304.8848152,0.6433213981088699,0.8133304716437098
1785487304.8848152,0.6293423339426254,0.8052404206757549
1785487304.8848152,0.539690568108122,0.6988727490225549
1785487304.8848152,0.477990243735023,0.6264737084309716
1785487304.8848152,0.4653085993700549,0.6172656723818672
1785487304.8848152,0.4575289086098797,0.6143478299358801
1785487304.8848152,0.4551326755010785,0.6186099400633135
1785487304.8848152,0.4503505582405092,0.6196291899621373
1785487304.8848152,0.4461552607372995,0.6214261512276474
1785487304.8848152,0.44311124980785466,0.6248266788913497
1785487304.8848152,0.4377479061842583,0.6249366272631026
1785487304.8848152,0.43353621193471387,0.6266501336495435
1785487304.8848152,0.4298835590399643,0.6291614758778746
1785487304.8848152,0.426775690928617,0.6324804559004853
1785487304.8848152,0.4264162718410908,0.6399454301542147
1785487304.8848152,0.42213674854214545,0.6415797501356879
1785487304.8848152,0.42057659844543366,0.647378828556667
1785487304.8848152,0.41842326506348854,0.6523395851078873
1785487304.8848152,0.4172964029834244,0.6589868492050037
1785487304.8848152,0.42617766413252756,0.6817540838148439
1785487304.8848152,0.4458354184928172,0.7225176404443003
1785487304.8848152,0.44838710645627883,0.7362017271333663
1785487304.8848152,0.4394601796709225,0.7310839385909054
1785487304.8848152,0.4290775469489796,0.723307329696009
1785487304.8848152,0.4253678811241692,0.7266540982859968
1785487304.8848152,0.4161320461932837,0.7204569027328729
1785487304.8848152,0.41143886365771837,0.7219965459313764
1785487304.8848152,0.4062518519459757,0.7226343656827408
1785487304.8848152,0.3991314860911763,0.7197382021068455
1785487304.8848152,0.3925385306679083,0.7176611542818784
1785487304.8848152,0.3812356618073772,0.7067307318077127
1785487304.8848152,0.3780573417969289,0.7107022286647605
1785487304.8848152,0.35673045123263114,0.6801230737280347
1785487304.8848152,0.33026069084374327,0.6386617649641507
1785487304.8848152,0.29156972892948313,0.5719712565108526
1785487304.8848152,0.26578914103597884,0.528980284642594
1785487304.8848152,0.25516351294047435,0.5152829979291071
1785487304.8848152,0.24689922731588684,0.5059741078946944
1785487304.8848152,0.2461182545611616,0.5119080248419252
1785487304.8848152,0.24484847523341335,0.5169460849295301
1785487304.8848152,0.2422599665606022,0.5192678735000483
1785487304.8848152,0.23631260243791538,0.5143076284249251
1785487304.8848152,0.23331679967690186,0.5156735922224246
1785487304.8848152,0.23356841712960802,0.5243298538271377
1785487304.8848152,0.21244267006644066,0.4844678475262823
1785487304.8848152,0.19773310355506393,0.45815132064344916
1785487304.8848152,0.19193732838740454,0.4519303692978897
1785487304.8848152,0.18583518143695946,0.44473506597175144
1785487304.8848152,0.18286477539601687,0.44488367005621804
1785487304.8848152,0.17877456568251734,0.4422314471466459
1785487304.8848152,0.17619901437940816,0.44326392308884616
1785487304.8848152,0.17361750058700104,0.44428139919460063
1785487304.8848152,0.16672746929288962,0.4340817368988561
1785487304.8848152,0.16349329394431777,0.4331731090380446
1785487304.8848152,0.1602753557196021,0.43224160624856367
1785487304.8848152,0.1567316066018068,0.4303477749716641
1785487304.8848152,0.15355208195080242,0.42936902350543615
1785487304.8848152,0.1500580212602268,0.4274243774795025
1785487304.8848152,0.14594029444782733,0.42356279681603104
1785487304.8848152,0.14379414712562005,0.42535190620098917
1785487304.8848152,0.1394289464539323,0.42048609841767676
1785487304.8848152,0.1375989804628918,0.423192053575911
1785487304.8848152,0.13513488084118583,0.42398532712142584
1785487304.8848152,0.13177183200361373,0.4219006823480445
1785487304.8848152,0.1281450661102767,0.41883509450918344
1785487304.8848152,0.12656748079298194,0.4224472578122797
1785487304.8848152,0.12298220292397213,0.4193380299831731
1785487304.8848152,0.12026492837873604,0.41908512005845966
1785487304.8848152,0.11782501269161376,0.419777628318348
1785487304.8848152,0.1140579332277765,0.4156341936551955
1785487304.8848152,0.11137917910895592,0.41532479412167833
1785487304.8848152,0.10946808585270433,0.4179004042369985
1785487304.8848152,0.10629193902649316,0.41562364623647147
1785487304.8848152,0.10387239566998548,0.4162349300943991
1785487304.8848152,0.10026694521371883,0.41197394996741127
1785487304.8848152,0.09833038054345777,0.4144962429861678
1785487304.8848152,0.09636784812458864,0.41700988057953514
1785487304.8848152,0.09328194988074032,0.4146365733497671
1785487304.8848152,0.09086836860073477,0.4151721928557243
1785487304.8848152,0.08928419454511907,0.41960615369336596
1785487304.8848152,0.0866393463422617,0.41913914911221023
1785487304.8848152,0.08380622802889351,0.4176751313294084
1785487304.8848152,0.07984696244167305,0.41030290414849446
1785487304.8848152,0.07782942965212121,0.4127257792591678
1785487304.8848152,0.07506805255026655,0.41120408321192653
1785487304.8848152,0.07319633429561975,0.41458810867855217
1785487304.8848152,0.07162403163406306,0.4199357061264882
1785487304.8848152,0.06869280934932824,0.41738507951275255
1785487304.8848152,0.0661070013231087,0.41678994317222423
1785487304.8848152,0.06428496932230705,0.4211216473973993
1785487304.8848152,0.06125355045528939,0.4175308310892272
1785487304.8848152,0.059660032035983135,0.4238215228496394
1785487304.8848152,0.05732721756587064,0.4251524217725528
1785487304.8848152,0.05459734656472985,0.42349512150524465
1785487304.8848152,0.0524991641125614,0.4267831345293318
1785487304.8848152,0.05001561450404736,0.4270813089529697
1785487304.8848152,0.04786197866000182,0.4303466388313682
1785487304.8848152,0.04378649395182558,0.41570031694870924
1785487304.8848152,0.03434101377145937,0.3452965345303922
1785487304.8848152,0.0252504762428346,0.2698210745781438
1785487304.8848152,0.019311371222907475,0.2201546531652797
1785487304.8848152,0.016317078850432057,0.1993332740158594
1785487304.8848152,0.014172030238916025,0.18646221055875664
1785487304.8848152,0.012877157795405932,0.1835488461928303
1785487304.8848152,0.012322652766914051,0.19160415671288347
1785487304.8848152,0.010448989307546102,0.17869476897088685
1785487304.8848152,0.00010513205015498346,0.0019972349966916334
1785487304.8848152,9.351205660717197e-05,0.0019978127728214963
1785487304.8848152,0.007288111761181061,0.1778507366595869
1785487304.8848152,0.006288535662875621,0.17888950822875158
1785487304.8848152,5.8634662929454056e-05,0.0019991404043445196
1785487304.8848152,0.004042375942855029,0.17195249694647777
1785487304.8848152,0.003095092727346421,0.1749726245957574
1785487304.8848152,0.0020178499570497935,0.16998802572392627
1785487304.8848152,0.0010410755959476383,0.17199685511949148
1785487304.8848152,3.887721027329427e-05,0.16500000197639747
1785487304.8848152,-0.0008930454147159488,0.15999750412265215
1785487304.8848152,-0.0020403312906262412,0.1789883763916873
1785487304.8848152,-0.0027888425342746563,0.16197599362811224
1785487304.8848152,-0.00370800281213942,0.16095729314366305
1785487304.8848152,-0.004701945423103786,0.16293217154799403
1785487304.8848152,-0.005892290376008899,0.169897856143308
1785487304.8848152,-0.006718617199227363,0.16586397464586342
1785487304.8848152,-0.007498218198656651,0.16182637880871145
1785487304.8848152,-0.00880412755186321,0.1687705165526996
1785487304.8848152,-0.009785741929059476,0.16871644606946998
1785487304.8848152,-0.011212996572942016,0.175642444677139
1785487304.8848152,-0.011330857462252156,0.16260569634941122
1785487304.8848152,-0.012050617858682514,0.15954554667810328
1785487304.8848152,-0.01362744011102862,0.1674463857925522
1785487304.8848152,-0.014340534007343224,0.16437564067717844
1785487304.8848152,-0.0150183705240221,0.16130235181576996
1785487304.8848152,-0.016547415177704562,0.1671830801543762
1785487304.8848152,-0.01762394811349037,0.1680785422720804
1785487304.8848152,-0.017500713508742858,0.15803393067624083
1785487304.8848152,-0.019114809789035046,0.1638890667810933
1785487304.8848152,-0.01958135920155344,0.15980478676438217
1785487304.8848152,-0.020510636239252405,0.15968817521047382
1785487304.8848152,-0.021572382330317254,0.16055725606489996
1785487304.8848152,-0.022089224231862457,0.15745813536026804
1785487304.8848152,-0.024017598237006898,0.16425331922770725
1785487304.8848152,-0.024220489585931548,0.1591677334927142
1785487304.8848152,-0.02514598229649089,0.1590241462021868
1785487304.8848152,-0.026556413094663504,0.16183559067575398
1785487304.8848152,-0.027329718285717376,0.16069252414014204
1785487304.8848152,-0.028090629028653336,0.15954597053912023
1785487304.8848152,-0.028839131116149393,0.15839603535901858
1785487304.8848152,-0.030129747493750084,0.1601911331256186
1785487304.8848152,-0.030679975011814412,0.15804979795705013
1785487304.8848152,-0.03238392155598058,0.16179086435366102
1785487304.8848152,-0.033324535287856186,0.1615997447754701
1785487304.8848152,-0.03364103788977984,0.15846854805983943
1785487304.8848152,-0.0345623039406904,0.15827017186067177
1785487304.8848152,-0.035920455632602696,0.16001788135383754
1785487304.8848152,-0.035951896564191094,0.15590849877100524
1785487304.8848152,-0.03754932457961793,0.1586160428195121
1785487304.8848152,-0.03776331882364575,0.1554796790806262
1785487304.8848152,-0.03818379193409027,0.15331666684158124
1785487304.8848152,-0.040064250939567066,0.15696769078745676
1785487304.8848152,-0.04122962056618319,0.15769945847743222
1785487304.8848152,-0.042404850992410044,0.1584229468799773
1785487304.8848152,-0.042004795258140847,0.15335121582048072
1785487304.8848152,-0.04289615150917239,0.15310427297760215
1785487304.8848152,-0.04406144074410273,0.15381348541381135
1785487304.8848152,-0.04439351118289027,0.1516351491664545
1785487304.8848152,-0.0447017439697389,0.1494582051621221
1785487304.8848152,-0.04673887836399859,0.15302116227785678
1785487304.8848152,-0.04673520775293692,0.1498826941420703
1785487304.8848152,-0.04790953254716697,0.15056121342826068
1785487304.8848152,-0.04816703174350121,0.14837768719467093
1785487304.8848152,-0.04965793466739813,0.14999363927329298
1785487304.8848152,-0.052128667226595586,0.15443964150853776
1785487304.8848152,-0.05335149838402734,0.1550793961363138
1785487304.8848152,-0.052598666217237126,0.15004792078021498
1785487304.8848152,-0.05447950930467607,0.15256468536465753
1785487304.8848152,-0.054682545897041863,0.15036561451943972
1785487304.8848152,-0.05590354766537419,0.15098275682810655
1785487304.8848152,-0.057486245192987964,0.1525264974675498
1785487304.8848152,-0.05658197495397949,0.14752112529460165
1785487304.8848152,-0.058893323720707685,0.15091579299603858
1785487304.8848152,-0.05977022700304704,0.15057064826352934
1785487304.8848152,-0.0606451076898566,0.1502204082932174
1785487304.8848152,-0.06151793617559772,0.14986508493705372
1785487304.8848152,-0.060848224238773126,0.14581322266813218
1785487304.8848152,-0.062085884275902795,0.14637739303586875
1785487304.8848152,-0.06333215979918709,0.14693208087671344
1785487304.8848152,-0.06538930060891321,0.14930920997039662
1785487304.8848152,-0.064630812504714,0.14527166376578227
1785487304.8848152,-0.06712195378904118,0.14853835913880503
1785487304.8848152,-0.06715071587451037,0.1463276489885992
1785487304.8848152,-0.06884552154841864,0.14774740261281424
1785487304.8848152,-0.07013145713214579,0.14824837336829907
1785487304.8848152,-0.0688282389951346,0.14333063781036706
1785487304.8848152,-0.071413328030828,0.14652350458430946
1785487304.8848152,-0.07226446887900016,0.14610560343033674
1785487304.8848152,-0.07266461640998682,0.1447889970836345
1785487304.8848152,-0.07622807628562142,0.1497106530102697
1785487304.8848152,-0.07480310426173034,0.14482229251367176
1785487304.8848152,-0.07564429155061317,0.14438470130838876
1785487304.8848152,-0.0764829190733111,0.14394222419475164
1785487304.8848152,-0.07921635295216395,0.14701621676395332
1785487304.8848152,-0.07911130824639095,0.14479780064349446
1785487304.8848152,-0.07704491874974106,0.13908658710725413
1785487304.8848152,-0.07687342864981395,0.13689221166530086
1785487304.8848152,-0.08162607900729077,0.14339520699641314
1785487304.8848152,-0.08145934609390136,0.1411856074465836
1785487304.8848152,-0.08379360345558833,0.14329909253837234
1785487304.8848152,-0.08564536773644056,0.14452982468770162
1785487304.8848152,-0.08699946100180514,0.144886485583749
1785487304.8848152,-0.08368266955911872,0.13754348518359297
1785487304.8848152,-0.0881544671697896,0.14301324818693684
1785487304.8848152,-0.08633654729525216,0.1382570121810879
1785487304.8848152,-0.08874313516780472,0.14028775378835504
1785487304.8848152,-0.08955770850466123,0.13976914806132115
1785487304.8848152,-0.08928047095654026,0.13756816125689467
1785487304.8848152,-0.0906284795288146,0.13788212669502847
1785487304.8848152,-0.09419960089910799,0.1415147900341733
1785487304.8848152,-0.09390332081040982,0.13930601415497162
1785487304.8848152,-0.09696715041492618,0.14206116200355712
1785487304.8848152,-0.09153776360481178,0.13244560141892034
1785487304.8848152,-0.09517333476895311,0.13600747865963167
1785487304.8848152,-0.0976971731709602,0.1378994643710335
1785487304.8848152,-0.0961663993723149,0.13407843150713347
1785487304.8848152,-0.09753226276233602,0.13432593056760123
1785487304.8848152,-0.09831200657178739,0.13375629804320321
1785487304.8848152,-0.10565452856803668,0.14200746801794165
1785487304.8848152,-0.09565046111691129,0.12701176129170177
1785487304.8848152,-0.10063117203522352,0.13202032084952162
1785487304.8848152,-0.10139745133525788,0.13143270051668038
1785487304.8848152,-0.10892996259451548,0.1395108011193336
1785487304.8848152,-0.10291969039900539,0.1302441370295272
1785487304.8848152,-0.11054567331853273,0.1382340569120108
1785487304.8848152,-0.1056861698258446,0.1305926213325647
1785487304.8848152,-0.1115128240423834,0.13616493578891403
1785487304.8848152,-0.11166494238355772,0.1347439779708001
1785487304.8848152,-0.10794900414213311,0.1287284418599465
1785487304.8848152,-0.11322501030007207,0.13343573733999187
1785487304.8848152,-0.11595358808782494,0.13505097746021763
1785487304.8848152,-0.12001637063142559,0.13814872482086793
1785487304.8848152,-0.11685672857884047,0.13294173673324722
1785487304.8848152,-0.12427375187725517,0.13973201852797115
1785487304.8848152,-0.10769305991485215,0.11967959035343487
1785487304.8848152,-0.11242671322186938,0.12348778369035159
1785487304.8848152,-0.1199182011028587,0.13018688652877117
1785487304.8848152,-0.11794639870865746,0.12656083358654058
1785487304.8848152,-0.11593657020936142,0.12296223650985018
1785487304.8848152,-0.1214815504201931,0.12735082477869047
1785487304.8848152,-0.12569247849233128,0.1302397741823682
1785487304.8848152,-0.12085911414194644,0.12378235777074847
1785487304.8848152,-0.13001023239123968,0.13161436226994608
1785487304.8848152,-0.11875661155995043,0.11883125199107746
1785487304.8848152,-0.12371178312484121,0.12235764370773614
1785487304.8848152,-0.1358625189111672,0.13282083815848378
1785487304.8848152,-0.1229695772371428,0.11882543658133492
1785487304.8848152,-0.140291182648431,0.1339939785634355
1785487304.8848152,-0.1337967078755842,0.1263108906360122
1785487304.8848152,-0.13014239324981958,0.12143705605213966
1785487304.8848152,-0.12864132443847834,0.11864404158504074
1785487304.8848152,-0.1389366363702766,0.12665152448229022
1785487304.8848152,-0.14115690161161223,0.12717990494342662
1785487304.8848152,-0.0014936246981355806,0.0013300697880558804
1785487304.8848152,-0.001501336641287595,0.0013213586452991873
1785487304.8848152,-0.1403367901962069,0.12207205641842236
1785487304.8848152,-0.14938586425481787,0.12842453947614987
1785487304.8848152,-0.1386991519645016,0.11784118082898898
1785487304.8848152,-0.14321149702570035,0.12024753439139063
1785487304.8848152,-0.0,0.0
1785487304.8848152,-0.0015465323925396342,0.0012681632145765996
1785487304.8848152,-0.0015538833207078375,0.0012591453472914093
1785487304.8848152,-0.146751064629212,0.1175079682820168
1785487304.8848152,-0.16154799226964814,0.12782114962663324
1785487304.8848152,-0.0,0.0
1785487304.8848152,-0.15431896474621334,0.11920844907203364
1785487304.8848152,-0.0015898443090816175,0.001213423031288105
1785487304.8848152,-0.0015968760725879967,0.0012041541382960715
1785487304.8848152,-0.001603853798581586,0.0011948444973112764
1785487304.8848152,-0.0,0.0
1785487304.8848152,-0.0016176461953755215,0.0011761042328665944
1785487304.8848152,-0.0,0.0
1785487304.8848152,-0.0,0.0
1785487304.8848152,-0.0,0.0
1785487304.8848152,-0.0,0.0
1785487304.8848152,-0.0,0.0
1785487304.8848152,-0.0,0.0
1785487304.8848152,-0.0,0.0
1785487304.8848152,-0.0,0.0
1785487304.8848152,-0.0,0.0
1785487304.8848152,-0.0,0.0
1785487304.8848152,-0.0,0.0
1785487304.8848152,-0.0,0.0
1785487304.8848152,-0.0,0.0
1785487304.8848152,-0.0,0.0
1785487304.8848152,-0.0,0.0
1785487304.8848152,-0.0,0.0
1785487304.8848152,-0.0,0.0
1785487304.8848152,-0.0,0.0
1785487304.8848152,-0.0,0.0
1785487304.8848152,-0.0,0.0
1785487304.8848152,-0.0,0.0
1785487304.8848152,-0.0,0.0
1785487304.8848152,-0.0,0.0
1785487304.8848152,-0.0,0.0
1785487304.8848152,-0.0,0.0
1785487304.8848152,-0.0,0.0
1785487304.8848152,-0.0,0.0
1785487304.8848152,-0.0,0.0
1785487304.8848152,-0.0,0.0
1785487304.8848152,-0.0,0.0
1785487304.8848152,-0.0,0.0
1785487304.8848152,-0.0,0.0
1785487304.8848152,-0.0,0.0
1785487304.8848152,-0.0,0.0
1785487304.8848152,-0.0,0.0
1785487304.8848152,-0.0,0.0
1785487304.8848152,-0.0,0.0
1785487304.8848152,-0.0,0.0
1785487304.8848152,-0.0,0.0
1785487304.8848152,-0.0,0.0
1785487304.8848152,-0.0,0.0
1785487304.8848152,-0.0,0.0
1785487304.8848152,-0.0,0.0
1785487304.8848152,-0.0,0.0
1785487304.8848152,-0.0,0.0
1785487304.8848152,-0.0,0.0
1785487304.8848152,-0.0,0.0
1785487304.8848152,-0.0,0.0
1785487304.9474683,2.8295312155795904,1.0295016299940443
1785487304.9474683,2.821619258437994,1.045249319157789
1785487304.9474683,2.8173623899586753,1.0623510106109226
1785487304.9474683,2.813935750817397,1.0797968430921698
1785487304.9474683,2.80853847637105,1.0965114040973607
1785487304.9474683,2.8067592228786475,1.1146759841235452
1785487304.9474683,2.801154656698967,1.1313589333593819
1785487304.9474683,2.7963761310473254,1.1483943335111952
1785487304.9474683,2.791494137562164,1.1654123977927466
1785487304.9474683,2.7892701698788573,1.1835842792323572
1785487304.9474683,2.783256086083766,1.2001857966470335
1785487304.9474683,2.7753114557553578,1.2159548306475398
1785487304.9474683,2.7736727119513014,1.2345184356852115
1785487304.9474683,2.7691780634918266,1.251868228427908
1785487304.9474683,2.7627576409176062,1.2683729678678077
1785487304.9474683,2.76167706866939,1.2873804216096647
1785487304.9474683,2.752333815722668,1.302568244453867
1785487304.9474683,2.7492168137024957,1.3207220072312085
1785487304.9474683,2.7450828072963604,1.3384452828866409
1785487304.9474683,1.3462181404678042,0.6661085804317427
1785487304.9474683,1.5174834905503871,0.7618711836330814
1785487304.9474683,1.5050063744866962,0.7666008401971921
1785487304.9474683,1.485418574372025,0.7675388120037903
1785487304.9474683,1.4756141794454167,0.7733814207869328
1785487304.9474683,1.4649093121402306,0.7786667046566104
1785487304.9474683,1.4445101813403414,0.7786343444921399
1785487304.9474683,1.4250389584966734,0.7788708589923904
1785487304.9474683,1.4047397513744622,0.7784228024467875
1785487304.9474683,1.398444108157088,0.7856016723750651
1785487304.9474683,1.381684759910113,0.7867956090218642
1785487304.9474683,1.3597626739805568,0.7848220404326085
1785487304.9474683,1.3422266252133763,0.7851449060156485
1785487304.9474683,1.3247333745284515,0.7852906270405798
1785487304.9474683,1.313284908531628,0.7888641089983525
1785487304.9474683,1.285609695623749,0.782452999333131
1785487304.9474683,1.2563518395109103,0.7746973033256139
1785487304.9474683,1.2382542169738135,0.7735157435603552
1785487304.9474683,1.2244383248165716,0.7748237163924038
1785487304.9474683,1.213175143735151,0.7776162463885165
1785487304.9474683,1.1918562289761003,0.7737698238444292
1785487304.9474683,1.182321515596991,0.777393546281742
1785487304.9474683,1.16113225468887,0.7731732237384544
1785487304.9474683,1.1566149443120919,0.7799146218522323
1785487304.9474683,1.1388448935549693,0.7776073343218606
1785487304.9474683,1.1285443122605128,0.7802382185544587
1785487304.9474683,1.1239864551321415,0.7867899281943509
1785487304.9474683,1.1202064833197023,0.7938932582128576
1785487304.9474683,1.113944344854247,0.7992303408754535
1785487304.9474683,1.1028034409599594,0.8009954224565665
1785487304.9474683,1.0989308810298726,0.8079893670436457
1785487304.9474683,1.0885966587478533,0.8101890498180689
1785487304.9474683,1.072683194962856,0.8080840978844516
1785487304.9474683,1.078301916799159,0.822192697237598
1785487304.9474683,1.0742925586040408,0.8290624104433143
1785487304.9474683,1.0647229691155053,0.8316043936990933
1785487304.9474683,1.0441772847431035,0.8253815598421185
1785487304.9474683,1.0065611187577157,0.8052054413091252
1785487304.9474683,0.9964193510372259,0.806642633079211
1785487304.9474683,0.985521691656231,0.8073556336603549
1785487304.9474683,0.9908166751145295,0.8213715140665736
1785487304.9474683,0.9821911744538505,0.8239079787496749
1785487304.9474683,0.9827185457800195,0.8341374876413425
1785487304.9474683,0.9770909694189864,0.839188420763311
1785487304.9474683,0.9706831560455343,0.8435462316372385
1785487304.9474683,0.9822812139135316,0.8637056989876606
1785487304.9474683,0.9847115377863604,0.8760519843327486
1785487304.9474683,1.004125877459637,0.9038429569331656
1785487304.9474683,1.1097524789504956,1.0106683807000278
1785487304.9474683,1.189897766716823,1.0963883452122252
1785487304.9474683,1.1798424902094553,1.0998821810215977
1785487304.9474683,1.1865189830037794,1.1190772269377327
1785487304.9474683,1.1922881274607624,1.1376963687217825
1785487304.9474683,1.2468028858704878,1.2036493270937771
1785487304.9474683,1.2369183526740992,1.20808687319316
1785487304.9474683,1.2327151247352934,1.2180732983187543
1785487304.9474683,1.2602621605191255,1.2598662996630392
1785487304.9474683,1.2458810813789285,1.2600651460184311
1785487304.9474683,1.2203575185095858,1.2486968034112953
1785487304.9474683,1.1970932428860273,1.2392323989984386
1785487304.9474683,1.1698374251118422,1.2252005624362023
1785487304.9474683,1.1482769198053318,1.2167123908506532
1785487304.9474683,1.1275373905656787,1.208746633260171
1785487304.9474683,1.0981177920294358,1.1910236480766958
1785487304.9474683,1.083088126176491,1.1885218718013548
1785487304.9474683,1.0627709794041456,1.1799415380120635
1785487304.9474683,1.0425906836576597,1.1711654613030478
1785487304.9474683,1.011979980512036,1.1501827474299684
1785487304.9474683,0.8412263633272445,0.9673996414438182
1785487304.9474683,0.7000139800305408,0.8145283480703996
1785487304.9474683,0.6745484398946947,0.7941967750552494
1785487304.9474683,0.6673453632596974,0.795043483337874
1785487304.9474683,0.6607938271823417,0.7966030685755675
1785487304.9474683,0.6555147733422938,0.79966021708607
1785487304.9474683,0.657775844000361,0.8120072963690321
1785487304.9474683,0.6480417782849949,0.8095744134828817
1785487304.9474683,0.6451825146004712,0.8156834211310852
1785487304.9474683,0.6318055551358737,0.8083921000764441
1785487304.9474683,0.5354121427339333,0.6933323985338874
1785487304.9474683,0.4761705073239044,0.6240886869105903
1785487304.9474683,0.46049297669272765,0.6108773989352083
1785487304.9474683,0.46409918953715945,0.6231700874015502
1785487304.9474683,0.448021213096428,0.608944140245579
1785487304.9474683,0.4527022631328417,0.6228648582005849
1785487304.9474683,0.44673846273077417,0.6222384625508275
1785487304.9474683,0.44368975107696496,0.6256424176632028
1785487304.9474683,0.43602673595729613,0.6224794543071899
1785487304.9474683,0.43353621193471387,0.6266501336495435
1785487304.9474683,0.43214013652416605,0.6324641181644599
1785487304.9474683,0.4284536864330464,0.6349672408420811
1785487304.9474683,0.42530727109898925,0.6382810941431114
1785487304.9474683,0.4254346821638756,0.6465920771512841
1785487304.9474683,0.41948700334233835,0.6457016529742636
1785487304.9474683,0.4195030853496497,0.6540230706505914
1785487304.9474683,0.4151564489025837,0.6556074728502245
1785487304.9474683,0.41981679074162614,0.6715786293604131
1785487304.9474683,0.4426846473300266,0.7174115235866149
1785487304.9474683,0.4437055687435922,0.7285151632244286
1785487304.9474683,0.43430824803921564,0.7225132087662378
1785487304.9474683,0.42805713125387407,0.7215871880646072
1785487304.9474683,0.4208211919136614,0.7188870089145176
1785487304.9474683,0.41413140734269155,0.7169931606755856
1785487304.9474683,0.41242910636052693,0.723734232558025
1785487304.9474683,0.4018413959262529,0.7147891163062337
1785487304.9474683,0.39379678242380134,0.7101183395800085
1785487304.9474683,0.3920586322998334,0.716783776929432
1785487304.9474683,0.38503378332250676,0.7137716502389962
1785487304.9474683,0.3780573417969289,0.7107022286647605
1785487304.9474683,0.3581239392910922,0.6827798230418346
1785487304.9474683,0.3311793731517464,0.6404383229395236
1785487304.9474683,0.29338636638078197,0.575534947465531
1785487304.9474683,0.2689319042995491,0.5352350917398585
1785487304.9474683,0.25560726986760735,0.5161791307544075
1785487304.9474683,0.2534773529359907,0.5194547545473182
1785487304.9474683,0.2452516263473459,0.5101055013436268
1785487304.9474683,0.246988756966782,0.5214648398928043
1785487304.9474683,0.24141436774167485,0.5174553895524427
1785487304.9474683,0.23547758630230556,0.5124903103302845
1785487304.9474683,0.2324923692807691,0.5138514474625965
1785487304.9474683,0.2294992848300724,0.5151951961108298
1785487304.9474683,0.214852244684142,0.4899627955427361
1785487304.9474683,0.19852561078038736,0.459987574792974
1785487304.9474683,0.19154642236179306,0.4510099526910753
1785487304.9474683,0.1831363304926528,0.4382762585302159
1785487304.9474683,0.1821044213684684,0.4430338381813519
1785487304.9474683,0.17765020064659592,0.43945012545774503
1785487304.9474683,0.1732438996495299,0.43582973991275364
1785487304.9474683,0.17143362822062172,0.43869294257405833
1785487304.9474683,0.16744457813544217,0.43594875889133844
1785487304.9474683,0.16314018122466034,0.4322375420130938
1785487304.9474683,0.15853701293821343,0.42755352383773715
1785487304.9474683,0.15638939206416097,0.4294081351119579
1785487304.9474683,0.15355208195080242,0.42936902350543615
1785487304.9474683,0.15138302968707895,0.4311985236214154
1785487304.9474683,0.14659180521130857,0.4254536777559384
1785487304.9474683,0.14347389702422228,0.4244045867598744
1785487304.9474683,0.14068790114956775,0.4242828204149076
1785487304.9474683,0.13698055681558008,0.42129006293320914
1785487304.9474683,0.13543855987610398,0.4249381192810682
1785487304.9474683,0.13147370952624718,0.4209461682101461
1785487304.9474683,0.12902277819377306,0.42170384813818934
1785487304.9474683,0.12685447817872553,0.42340517573754033
1785487304.9474683,0.12185650543799578,0.4154996878905522
1785487304.9474683,0.12164412027568162,0.42389116625585876
1785487304.9474683,0.11782501269161376,0.419777628318348
1785487304.9474683,0.11326402882391233,0.4127411566923002
1785487304.9474683,0.11137917910895592,0.41532479412167833
1785487304.9474683,0.10946808585270433,0.4179004042369985
1785487304.9474683,0.10604417545310883,0.4146548389993685
1785487304.9474683,0.10363027198532138,0.415264697971511
1785487304.9474683,0.10121286171932725,0.4158605045874233
1785487304.9474683,0.0990228459774262,0.4174152220360947
1785487304.9474683,0.09546721221130128,0.41311258410613
1785487304.9474683,0.09306245923058772,0.41366094139548293
1785487304.9474683,0.09022694035449941,0.4122415451985705
1785487304.9474683,0.08845171237915138,0.4156937631357796
1785487304.9474683,0.08643691453777255,0.4181598354646713
1785487304.9474683,0.08360950232644147,0.4166946858954581
1785487304.9474683,0.07984696244167305,0.41030290414849446
1785487304.9474683,0.07857066384076809,0.4166565090549564
1785487304.9474683,0.07506805255026655,0.41120408321192653
1785487304.9474683,0.07354406105081689,0.4165576523607791
1785487304.9474683,0.07162403163406306,0.4199357061264882
1785487304.9474683,0.06885520160388849,0.4183717927469894
1785487304.9474683,0.06642030528856856,0.4187652550052539
1785487304.9474683,0.06353045162090687,0.4161789097597555
1785487304.9474683,0.061979302746218316,0.4224778742392834
1785487304.9474683,0.059660032035983135,0.4238215228496394
1785487304.9474683,0.05719358940548154,0.42416140322292306
1785487304.9474683,0.0554923849705352,0.430437663996188
1785487304.9474683,0.0517666161642094,0.4208280090549456
1785487304.9474683,0.050597190852576295,0.43204736586637077
1785487304.9474683,0.047419834772338534,0.4263711421790591
1785487304.9474683,0.04347223462990778,0.41271680107577713
1785487304.9474683,0.034439977954057045,0.34629161258839675
1785487304.9474683,0.02487777472823209,0.2658384675888801
1785487304.9474683,0.019573517063888504,0.22314318391401491
1785487304.9474683,0.016317078850432057,0.1993332740158594
1785487304.9474683,0.014399388336428263,0.18945357402156904
1785487304.9474683,0.013087111880188818,0.1865414964831854
1785487304.9474683,0.011359945489612524,0.17663508150498822
1785487304.9474683,0.010974356794976672,0.18767941035849187
1785487304.9474683,0.008410563424927596,0.15977878857491096
1785487304.9474683,9.351205660717197e-05,0.0019978127728214963
1785487304.9474683,0.006837722537342323,0.16685995360520103
1785487304.9474683,7.026296962548677e-05,0.0019987654927677303
1785487304.9474683,5.8634662929454056e-05,0.0019991404043445196
1785487304.9474683,0.004136384522823822,0.17595138529544455
1785487304.9474683,0.0029359164681950693,0.16597402898310676
1785487304.9474683,0.0021009378870938938,0.17698753187667027
1785487304.9474683,0.0010047589330269935,0.16599695286926167
1785487304.9474683,3.934844661096204e-05,0.1669999910728359
1785487304.9474683,-0.000999094608655912,0.17899721686403616
1785487304.9474683,-0.00194914328764819,0.17098889480042467
1785487304.9474683,-0.0028921329510024876,0.16797510174416214
1785487304.9474683,-0.00405346892970221,0.1759533149842383
1785487304.9474683,-0.0048173303890803095,0.166930500192595
1785487304.9474683,-0.005753647970006578,0.1659002514688589
1785487304.9474683,-0.006516249396589701,0.16086807636940076
1785487304.9474683,-0.007451932807470482,0.16082744852301445
1785487304.9474683,-0.008335268513605816,0.15978273421867872
1785487304.9474683,-0.009901549760707258,0.17071309445078522
1785487304.9474683,-0.010894445836005826,0.17065260723045755
1785487304.9474683,-0.011747944043002346,0.16859117927749662
1785487304.9474683,-0.012125934374615703,0.16054270838793155
1785487304.9474683,-0.013302977798043387,0.16345957380199352
1785487304.9474683,-0.014253621507346718,0.16337942269377104
1785487304.9474683,-0.01492566434553189,0.16030665627114313
1785487304.9474683,-0.015759442886603154,0.1592219796871485
1785487304.9474683,-0.016789678242382974,0.16012216025743337
1785487304.9474683,-0.01761078111623747,0.15902785681781292
1785487304.9474683,-0.018651419540144175,0.15991599060171388
1785487304.9474683,-0.02031109896957689,0.165760241992088
1785487304.9474683,-0.020128451590956026,0.15671262787162002
1785487304.9474683,-0.021572382330317254,0.16055725606489996
1785487304.9474683,-0.02236707668186668,0.15943874492010218
1785487304.9474683,-0.023149492640289825,0.15831645475467168
1785487304.9474683,-0.02437092771576567,0.16015635496841255
1785487304.9474683,-0.024989795753023028,0.15803641657482945
1785487304.9474683,-0.025422907804826356,0.15492797489718527
1785487304.9474683,-0.02749738560627711,0.1616783698292518
1785487304.9474683,-0.02774383043762547,0.1575762632132109
1785487304.9474683,-0.028660005713429432,0.15741220704918987
1785487304.9474683,-0.029760056596931837,0.1582255937967601
1785487304.9474683,-0.030870534250832266,0.15903147571963053
1785487304.9474683,-0.03159885523120362,0.1578686537887346
1785487304.9474683,-0.03251666616063784,0.15768216742164456
1785487304.9474683,-0.03384869903771978,0.15944675095329058
1785487304.9474683,-0.034775651927613054,0.15924715020720562
1785487304.9474683,-0.03504434520735143,0.15611499839726745
1785487304.9474683,-0.03550250028464269,0.15395965306344797
1785487304.9474683,-0.03731896016183385,0.15764293630522966
1785487304.9474683,-0.03752729759741277,0.1545079290953484
1785487304.9474683,-0.03842545838077113,0.15428701295483563
1785487304.9474683,-0.039075011858994216,0.1530919519311769
1785487304.9474683,-0.03996490950442434,0.15286205646327505
1785487304.9474683,-0.04137058426662951,0.15455896484199336
1785487304.9474683,-0.04226897690508083,0.1543156908645021
1785487304.9474683,-0.04208679251134621,0.1502155215026928
1785487304.9474683,-0.04433682531299033,0.15477482166733483
1785487304.9474683,-0.043550594744173526,0.14875599506230855
1785487304.9474683,-0.04527484440099668,0.15137433984114962
1785487304.9474683,-0.046446759775700217,0.15206477805407925
1785487304.9474683,-0.046437530677120586,0.14892802539760794
1785487304.9474683,-0.04821275351885045,0.15151412018828003
1785487304.9474683,-0.04754950445679636,0.14647540533788556
1785487304.9474683,-0.049029351970985145,0.1480949818512576
1785487304.9474683,-0.05084943355622129,0.15064970403326194
1785487304.9474683,-0.05205023972475249,0.15129696427948128
1785487304.9474683,-0.0529294761207903,0.1509916203408968
1785487304.9474683,-0.05447950930467607,0.15256468536465753
1785487304.9474683,-0.05434077928493786,0.14942582750315844
1785487304.9474683,-0.05659800308767553,0.15285832284371786
1785487304.9474683,-0.05678089107262841,0.1506550029371352
1785487304.9474683,-0.057298198567244794,0.14938847109646522
1785487304.9474683,-0.057439170053957975,0.14718948346057478
1785487304.9474683,-0.05977022700304704,0.15057064826352934
1785487304.9474683,-0.0606451076898566,0.1502204082932174
1785487304.9474683,-0.0607584539451757,0.14801489495919928
1785487304.9474683,-0.060463108132755725,0.1448903523424602
1785487304.9474683,-0.062085884275902795,0.14637739303586875
1785487304.9474683,-0.06214468526818428,0.14417711239969364
1785487304.9474683,-0.06458697628842425,0.14747719143958649
1785487304.9474683,-0.06625674824711053,0.14892630435160142
1785487304.9474683,-0.06753374574477548,0.14944963924849275
1785487304.9474683,-0.06756780191553952,0.14723651822424236
1785487304.9474683,-0.07011261329169055,0.15046667192372948
1785487304.9474683,-0.06713804166749297,0.14192069971660073
1785487304.9474683,-0.06969400479268076,0.1451335426321142
1785487304.9474683,-0.07272767987641308,0.1492202482312215
1785487304.9474683,-0.0731511512620342,0.14789831382638424
1785487304.9474683,-0.07266461640998682,0.1447889970836345
1785487304.9474683,-0.07486686462196095,0.14703725631732123
1785487304.9474683,-0.07526201993477148,0.1457107746227528
1785487304.9474683,-0.07471613886734464,0.14261310631826793
1785487304.9474683,-0.07554447646109355,0.14217605838258843
1785487304.9474683,-0.07826765923579813,0.14525555301398163
1785487304.9474683,-0.07911130824639095,0.14479780064349446
1785487304.9474683,-0.07704491874974106,0.13908658710725413
1785487304.9474683,-0.07981126524673561,0.14212375859025828
1785487304.9474683,-0.08162607900729077,0.14339520699641314
1785487304.9474683,-0.0819590976885327,0.14205177855946105
1785487304.9474683,-0.08328882919151967,0.14243585607407463
1785487304.9474683,-0.08207681106394389,0.1385077491931898
1785487304.9474683,-0.08545508873966334,0.14231453091968382
1785487304.9474683,-0.08576174632812227,0.14096072158725442
1785487304.9474683,-0.08710500708635596,0.1413107060447978
1785487304.9474683,-0.0889849050753849,0.14249802071500026
1785487304.9474683,-0.08820854483037859,0.13944265768607444
1785487304.9474683,-0.08901821116193058,0.13892717604982327
1785487304.9474683,-0.09036925125204245,0.1392458126140194
1785487304.9474683,-0.09337479436207256,0.14206036880779963
1785487304.9474683,-0.09198313523300874,0.13818502355573634
1785487304.9474683,-0.09446227028884396,0.14013521831178594
1785487304.9474683,-0.09358456866034294,0.13710553019864274
1785487304.9474683,-0.09381199838723411,0.135736182067429
1785487304.9474683,-0.09173333615810733,0.13109154775535498
1785487304.9474683,-0.09596290030768621,0.1354515399208531
1785487304.9474683,-0.10199466021107759,0.14220438898059914
1785487304.9474683,-0.09635718158815208,0.13270755457852612
1785487304.9474683,-0.0989042487979838,0.13456206053837774
1785487304.9474683,-0.10207302078340025,0.13719365777169884
1785487304.9474683,-0.09925991992176585,0.13180466782619377
1785487304.9474683,-0.10063117203522352,0.13202032084952162
1785487304.9474683,-0.10750573504540001,0.13935033762662685
1785487304.9474683,-0.0978523352385707,0.12532325684666978
1785487304.9474683,-0.10725967706526789,0.13573635932319703
1785487304.9474683,-0.10679836409370146,0.13354815884741975
1785487304.9474683,-0.1069443410809619,0.13214729856764482
1785487304.9474683,-0.10517686469768067,0.12842828751781732
1785487304.9474683,-0.10719834506854395,0.12935421931090335
1785487304.9474683,-0.10859155904905224,0.12949468414846502
1785487304.9474683,-0.10416701024735049,0.12276087926175135
1785487304.9474683,-0.10487936616503747,0.12215284709661871
1785487304.9474683,-0.1160814094221731,0.133619260461816
1785487304.9474683,-0.11553631089875636,0.1314395671813653
1785487304.9474683,-0.11629895967648947,0.13076525125233004
1785487304.9474683,-0.1277600907031999,0.14198013624058925
1785487304.9474683,-0.11848564028931585,0.13014281658830615
1785487304.9474683,-0.12059570643278612,0.13092240714781583
1785487304.9474683,-0.12817296589281005,0.1375343171496306
1785487304.9474683,-0.11387852041069109,0.12077947048842862
1785487304.9474683,-0.11872061076760652,0.12445649275292267
1785487304.9474683,-0.11735927904293782,0.12160509669391485
1785487304.9474683,-0.1257493774245159,0.12879090283194444
1785487304.9474683,-0.1264964457229068,0.12805722078193169
1785487304.9474683,-0.12935988101352108,0.12944118576921054
1785487304.9474683,-0.132243637178147,0.13079610875974598
1785487304.9474683,-0.12084613658797239,0.1181406415725581
1785487304.9474683,-0.12800341895353298,0.1236896351341029
1785487304.9474683,-0.1279976224065986,0.12225223530904704
1785487304.9474683,-0.140341114479576,0.13248914300080936
1785487304.9474683,-0.13891603357651658,0.129623819992228
1785487304.9474683,-0.12570095625328884,0.11593218233793083
1785487304.9474683,-0.13376346409092563,0.12193577655067057
1785487304.9474683,-0.14264276676367052,0.12851864351476106
1785487304.9474683,-0.14488159311093943,0.129016767118813
1785487304.9474683,-0.15688967630548567,0.1380819760494561
1785487304.9474683,-0.13656428828037537,0.11879054295310697
1785487304.9474683,-0.134978095018919,0.1160384202256514
1785487304.9474683,-0.13717499369556302,0.11654622979548909
1785487304.9474683,-0.14091398180128065,0.11831842571854734
1785487304.9474683,-0.14929552296737258,0.12388240004961386
1785487304.9474683,-0.15078689557979028,0.12364590301304813
1785487304.9474683,-0.0015538833207078375,0.0012591453472914093
1785487304.9474683,-0.15143461889688178,0.12125823031740986
1785487304.9474683,-0.1623322074127017,0.1284416419009811
1785487304.9474683,-0.0015756196231569268,0.0012318373200639941
1785487304.9474683,-0.0015827587460139204,0.0012226508626325269
1785487304.9474683,-0.0,0.0
1785487304.9474683,-0.0,0.0
1785487304.9474683,-0.001603853798581586,0.0011948444973112764
1785487304.9474683,-0.0016107772509395195,0.001185494423367459
1785487304.9474683,-0.0,0.0
1785487304.9474683,-0.0016244603994478393,0.0011666742435681805
1785487304.9474683,-0.0016312196325671093,0.0011572047745784858
1785487304.9474683,-0.0,0.0
1785487304.9474683,-0.0,0.0
1785487304.9474683,-0.0,0.0
1785487304.9474683,-0.0,0.0
1785487304.9474683,-0.0,0.0
1785487304.9474683,-0.0,0.0
1785487304.9474683,-0.0,0.0
1785487304.9474683,-0.0,0.0
1785487304.9474683,-0.0,0.0
1785487304.9474683,-0.0,0.0
1785487304.9474683,-0.0,0.0
1785487304.9474683,-0.0,0.0
1785487304.9474683,-0.0,0.0
1785487304.9474683,-0.0,0.0
1785487304.9474683,-0.0,0.0
1785487304.9474683,-0.0,0.0
1785487304.9474683,-0.0,0.0
1785487304.9474683,-0.0,0.0
1785487304.9474683,-0.0,0.0
1785487304.9474683,-0.0,0.0
1785487304.9474683,-0.0,0.0
1785487304.9474683,-0.0,0.0
1785487304.9474683,-0.0,0.0
1785487304.9474683,-0.0,0.0
1785487304.9474683,-0.0,0.0
1785487304.9474683,-0.0,0.0
1785487304.9474683,-0.0,0.0
1785487304.9474683,-0.0,0.0
1785487304.9474683,-0.0,0.0
1785487304.9474683,-0.0,0.0
1785487304.9474683,-0.0,0.0
1785487304.9474683,-0.0,0.0
1785487304.9474683,-0.0,0.0
1785487304.9474683,-0.0,0.0
1785487304.9474683,-0.0,0.0
1785487304.9474683,-0.0,0.0
1785487304.9474683,-0.0,0.0
1785487304.9474683,-0.0,0.0
1785487304.9474683,-0.0,0.0
1785487304.9474683,-0.0,0.0
1785487304.9474683,-0.0,0.0
1785487304.9474683,-0.0,0.0
1785487304.9474683,-0.0,0.0
1785487304.9474683,-0.0,0.0
1785487304.9474683,-0.0,0.0
1785487304.9474683,-0.0,0.0
1785487305.0216675,2.830471102933686,1.0298436002673266
1785487305.0216675,2.8225569170257567,1.0455966682898628
1785487305.0216675,2.8164267678177297,1.061998212855644
1785487305.0216675,2.816736635509542,1.0808716318280411
1785487305.0216675,2.8094699307053457,1.0968750630995585
1785487305.0216675,2.803971031948194,1.1135686823486035
1785487305.0216675,2.7993003358012514,1.1306099913086713
1785487305.0216675,2.7945259776870506,1.147634526698558
1785487305.0216675,2.788725694350083,1.164256608855729
1785487305.0216675,2.784667527907278,1.1816312182706317
1785487305.0216675,2.7805014957334566,1.198997971987078
1785487305.0216675,2.7771434301265665,1.2167574786104105
1785487305.0216675,2.7709319094831755,1.2332985472820508
1785487305.0216675,2.767355551194352,1.2510443214097184
1785487305.0216675,2.7609401689222204,1.2675385724381605
1785487305.0216675,2.76167706866939,1.2873804216096647
1785487305.0216675,2.7559493143256986,1.304279313671297
1785487305.0216675,2.7501183458532794,1.3211551027025559
1785487305.0216675,2.742386457655003,1.3371305988818831
1785487305.0216675,2.797301569744614,1.3841044936555236
1785487305.0216675,1.5183772210825004,0.762319891999657
1785487305.0216675,1.5094616880741833,0.7688702306777969
1785487305.0216675,1.480976537551265,0.765243542695121
1785487305.0216675,1.4764999436275024,0.7738456570155933
1785487305.0216675,1.4666753042047131,0.7796054106979361
1785487305.0216675,1.4515522926392148,0.7824302538501141
1785487305.0216675,1.4311814458031138,0.7822281036039793
1785487305.0216675,1.405614474563526,0.7789075217519329
1785487305.0216675,1.4028033438136003,0.7880505531004779
1785487305.0216675,1.3799468140707898,0.7858059417730294
1785487305.0216675,1.3684235741829873,0.7898209019978818
1785487305.0216675,1.3335949506767768,0.7800957472778541
1785487305.0216675,1.3247333745284515,0.7852906270405798
1785487305.0216675,1.3004263866385046,0.7811402507933601
1785487305.0216675,1.2804843054945052,0.7793335635564479
1785487305.0216675,1.2520959090137562,0.7720729923837284
1785487305.0216675,1.2365578990994437,0.7724560834647775
1785487305.0216675,1.2261283490537738,0.7758931625488351
1785487305.0216675,1.2047561708024133,0.7722198861315417
1785487305.0216675,1.184307473838588,0.7688690658578593
1785487305.0216675,1.1781437049258905,0.7746465751656316
1785487305.0216675,1.169455775572187,0.7787156789137548
1785487305.0216675,1.1591023057078813,0.781591869351019
1785487305.0216675,1.1421483430520891,0.7798629413602375
1785487305.0216675,1.1441728855342874,0.7910432973069738
1785487305.0216675,1.1248057255375752,0.7873634170478149
1785487305.0216675,1.1185747396341996,0.792736837204462
1785487305.0216675,1.1196318547931225,0.803311003009229
1785487305.0216675,1.1019943030682064,0.8004077241203461
1785487305.0216675,1.0989308810298726,0.8079893670436457
1785487305.0216675,1.0853878668573507,0.8078009035455822
1785487305.0216675,1.0670920727000726,0.8038721394878818
1785487305.0216675,1.0663738091562502,0.8130976535925163
1785487305.0216675,1.0742925586040408,0.8290624104433143
1785487305.0216675,1.067087285444978,0.833451048561172
1785487305.0216675,1.037116776088764,0.8198005021696839
1785487305.0216675,1.0135890421026164,0.8108274765864283
1785487305.0216675,0.9987510819932112,0.8085302656267026
1785487305.0216675,0.9940308418648788,0.8143264699359813
1785487305.0216675,0.9915865764521685,0.8220097502239389
1785487305.0216675,0.9829573500497453,0.8245506827394883
1785487305.0216675,0.9850057266776701,0.8360788607190565
1785487305.0216675,0.9801254648188178,0.8417946401247614
1785487305.0216675,0.9737023493544219,0.846169980820929
1785487305.0216675,0.9792773344301476,0.8610644310980567
1785487305.0216675,0.9832173057823336,0.874722635724603
1785487305.0216675,1.004869158611713,0.9045120059532196
1785487305.0216675,1.1171458925817987,1.0174016744068022
1785487305.0216675,1.193574826696733,1.0997764393992941
1785487305.0216675,1.1805738956343186,1.1005640176231655
1785487305.0216675,1.1908838033956253,1.1231939508757032
1785487305.0216675,1.1930116370734773,1.1383867507193575
1785487305.0216675,1.2468028858704878,1.2036493270937771
1785487305.0216675,1.237633781345994,1.2087856258516145
1785487305.0216675,1.2362717142351065,1.2215876436982136
1785487305.0216675,1.2602621605191255,1.2598662996630392
1785487305.0216675,1.248693501701319,1.2629095850882306
1785487305.0216675,1.221056412571397,1.2494119272726802
1785487305.0216675,1.1887559132486283,1.2306015850921754
1785487305.0216675,1.1712185613101511,1.2266470615912513
1785487305.0216675,1.1448451330755707,1.2130760751110972
1785487305.0216675,1.1213983868816186,1.2021654767532841
1785487305.0216675,1.1008291590688588,1.1939644093374713
1785487305.0216675,1.0837616396079504,1.1892609487286103
1785487305.0216675,1.0607632116980246,1.1777124138065271
1785487305.0216675,1.0419258143051509,1.1704185986711992
1785487305.0216675,1.008677176819737,1.1464288907349889
1785487305.0216675,0.8386016657654947,0.9643812725590243
1785487305.0216675,0.6921926177844986,0.8054274994421321
1785487305.0216675,0.6713115692455827,0.7903857630081426
1785487305.0216675,0.6673453632596974,0.795043483337874
1785487305.0216675,0.6582400674102289,0.7935244489105739
1785487305.0216675,0.6542467938823606,0.7981134133046374
1785487305.0216675,0.6521108240690808,0.8050139755284557
1785487305.0216675,0.651166448717662,0.8134779476648112
1785487305.0216675,0.6364974029111425,0.8047031148528778
1785487305.0216675,0.6311897314854442,0.807604156744828
1785487305.0216675,0.5403017613243136,0.6996642141850482
1785487305.0216675,0.47071122577978936,0.6169335275759859
1785487305.0216675,0.4629007880313913,0.6140715356585378
1785487305.0216675,0.4593208098812525,0.6167539088454553
1785487305.0216675,0.45631790157371477,0.6202208826943777
1785487305.0216675,0.4468230184235418,0.614775711712024
1785487305.0216675,0.44848810347319323,0.6246754449385187
1785487305.0216675,0.441954316229137,0.6231952985867387
1785487305.0216675,0.43832161819446536,0.6257556686419739
1785487305.0216675,0.4352430253854704,0.6291172283179641
1785487305.0216675,0.4298835590399643,0.6291614758778746
1785487305.0216675,0.4278943545982366,0.6341383125282158
1785487305.0216675,0.42364373693461377,0.6357845405247395
1785487305.0216675,0.42268639868541324,0.6424151296727637
1785487305.0216675,0.4162182829768821,0.6406702261928163
1785487305.0216675,0.41518386856622014,0.6472892288216339
1785487305.0216675,0.41355145145374195,0.65307289022686
1785487305.0216675,0.42034685562551727,0.6724265712628008
1785487305.0216675,0.4447851718719508,0.7208156184000262
1785487305.0216675,0.44162488187077725,0.7250989069420025
1785487305.0216675,0.43276265626652966,0.7199419693846059
1785487305.0216675,0.4275469386114427,0.7207271428805802
1785487305.0216675,0.4213263729122686,0.7197500074137083
1785487305.0216675,0.41463155960239423,0.7178590832864888
1785487305.0216675,0.4139144556592234,0.7263407366048878
1785487305.0216675,0.40282151349134976,0.7165325339215766
1785487305.0216675,0.3981615268304948,0.7179891124992159
1785487305.0216675,0.39109889276935395,0.7150291268111828
1785487305.0216675,0.3864580859652186,0.7164120077654335
1785487305.0216675,0.3775877113980475,0.7098193801276911
1785487305.0216675,0.3609108877220877,0.6880932688849373
1785487305.0216675,0.3298013633789431,0.6377735124487929
1785487305.0216675,0.29338636638078197,0.575534947465531
1785487305.0216675,0.270727780490412,0.5388092900495512
1785487305.0216675,0.2609324323441469,0.5269328849011102
1785487305.0216675,0.24953047233609887,0.5113663558422783
1785487305.0216675,0.24785148516169672,0.5155130181200448
1785487305.0216675,0.24656068020877162,0.5205610458059029
1785487305.0216675,0.24056879412312954,0.5156429596201538
1785487305.0216675,0.24215779004440552,0.5270290175704003
1785487305.0216675,0.239500101358668,0.52933984083567
1785487305.0216675,0.23072000996756808,0.5179355607576093
1785487305.0216675,0.2136474573752913,0.4872153215345092
1785487305.0216675,0.19892186439304907,0.4609057018677364
1785487305.0216675,0.19193732838740454,0.4519303692978897
1785487305.0216675,0.18853403238126612,0.45119387341328704
1785487305.0216675,0.18096389599221321,0.4402591041513463
1785487305.0216675,0.1772754048548915,0.4385229998080915
1785487305.0216675,0.17398267007549026,0.4376882649358736
1785487305.0216675,0.16924976670163178,0.4331045137116241
1785487305.0216675,0.16744457813544217,0.43594875889133844
1785487305.0216675,0.1613745860552293,0.42755962324105246
1785487305.0216675,0.1602753557196021,0.43224160624856367
1785487305.0216675,0.15604718772513046,0.4284685232552278
1785487305.0216675,0.15388881463709272,0.4303106101179912
1785487305.0216675,0.15204553883657282,0.4330856107522381
1785487305.0216675,0.14724332568318171,0.4273445868725302
1785487305.0216675,0.1425131276313896,0.42156257197116453
1785487305.0216675,0.14005842380175004,0.42238445941629216
1785487305.0216675,0.1351252950888568,0.4155841193469152
1785487305.0216675,0.134223861836806,0.42112700743237563
1785487305.0216675,0.132964339682793,0.425718795793847
1785487305.0216675,0.1272673627460055,0.4159663693784851
1785487305.0216675,0.12714147556446911,0.4243630936628009
1785487305.0216675,0.12270077435893662,0.4183784301611083
1785487305.0216675,0.11888574470237359,0.4142791025071848
1785487305.0216675,0.11728452987369738,0.41785203891870515
1785487305.0216675,0.1153811098631351,0.42045593150662913
1785487305.0216675,0.11189722284371241,0.4172565412328084
1785487305.0216675,0.10870788551527054,0.4149982978756782
1785487305.0216675,0.10653970998390244,0.41659248234665175
1785487305.0216675,0.10314601740005216,0.41332420481019205
1785487305.0216675,0.1009763790691187,0.4148888514539054
1785487305.0216675,0.09833038054345777,0.4144962429861678
1785487305.0216675,0.09524205658810286,0.41213827450631
1785487305.0216675,0.09306245923058772,0.41366094139548293
1785487305.0216675,0.09022694035449941,0.4122415451985705
1785487305.0216675,0.08761922401067457,0.41178134342845396
1785487305.0216675,0.0866393463422617,0.41913914911221023
1785487305.0216675,0.08321604505857912,0.41473376580763044
1785487305.0216675,0.08003798141782127,0.4112844773763845
1785487305.0216675,0.07820004674644465,0.4146911441570621
1785487305.0216675,0.07578640320203828,0.4151390290530842
1785487305.0216675,0.07371792183765448,0.41754240952767835
1785487305.0216675,0.0711196385271318,0.4169784211106614
1785487305.0216675,0.06917999095273764,0.4203452486221875
1785487305.0216675,0.0661070013231087,0.41678994317222423
1785487305.0216675,0.06428496932230705,0.4211216473973993
1785487305.0216675,0.06154385223682594,0.41950965424659026
1785487305.0216675,0.05952063707917893,0.4228312688914336
1785487305.0216675,0.05652544063857445,0.41920625140470524
1785487305.0216675,0.054980937174791925,0.42647051797115
1785487305.0216675,0.052987525772865085,0.43075318859955436
1785487305.0216675,0.050364559619871026,0.4300609371810035
1785487305.0216675,0.046535550291233956,0.418420178494139
1785487305.0216675,0.04357698877783506,0.4137113162462078
1785487305.0216675,0.03473687640065096,0.349276906074448
1785487305.0216675,0.02441189922339748,0.26086022368863754
1785487305.0216675,0.019311371222907475,0.2201546531652797
1785487305.0216675,0.016725005426584803,0.20431660103952293
1785487305.0216675,0.01402045742103906,0.18446795834467725
1785487305.0216675,0.01350701900690348,0.19252678219927097
1785487305.0216675,0.011680847596591794,0.1816247682841401
1785487305.0216675,0.01079923458911447,0.18468453485454062
1785487305.0216675,0.009567015915437509,0.18174837237597521
1785487305.0216675,0.008509596574282161,0.18180095000022786
1785487305.0216675,0.007001500658781795,0.17085660740267425
1785487305.0216675,0.006077746336835184,0.1728931998834156
1785487305.0216675,0.00518916745423854,0.17692391845347727
1785487305.0216675,0.0037603495025289578,0.15995580210548682
1785487305.0216675,0.003466503823002522,0.19596933775938866
1785487305.0216675,0.0020059802274902945,0.16898809414494692
1785487305.0216675,0.0010531810600612945,0.1739968076353465
1785487305.0216675,3.8170350500287575e-05,0.16199999597999867
1785487305.0216675,-0.0009600238748810144,0.17199732661745495
1785487305.0216675,-0.0019719401610045553,0.1729887540230955
1785487305.0216675,-0.0027888425342746563,0.16197599362811224
1785487305.0216675,-0.004099531170227846,0.17795278853557064
1785487305.0216675,-0.004903869435945121,0.1699292578472659
1785487305.0216675,-0.005545684877485259,0.15990385934939302
1785487305.0216675,-0.006516249396589701,0.16086807636940076
1785487305.0216675,-0.007266791932430478,0.1568317422654175
1785487305.0216675,-0.008647840947016615,0.16577458414771692
1785487305.0216675,-0.009669934097411691,0.1667197976881547
1785487305.0216675,-0.010575894149713555,0.1656627549128875
1785487305.0216675,-0.011052799051187896,0.158615364487278
1785487305.0216675,-0.012276567406482084,0.16253703180758808
1785487305.0216675,-0.013059630156765692,0.16046945367003157
1785487305.0216675,-0.013992884007357204,0.16039076874354882
1785487305.0216675,-0.01520378288100252,0.16329374290502358
1785487305.0216675,-0.015956436326306635,0.1612122585111311
1785487305.0216675,-0.01751966418535839,0.16708399266776028
1785487305.0216675,-0.018271185121073303,0.16499139885662176
1785487305.0216675,-0.019694045873888934,0.1688553972044854
1785487305.0216675,-0.019702982798278874,0.16079736510075646
1785487305.0216675,-0.020128451590956026,0.15671262787162002
1785487305.0216675,-0.021306056083595003,0.15857506370723468
1785487305.0216675,-0.022506002906868793,0.16042904970001926
1785487305.0216675,-0.023728231142077578,0.1622743742329415
1785487305.0216675,-0.024220489585931548,0.1591677334927142
1785487305.0216675,-0.02545835538342662,0.16099960545690153
1785487305.0216675,-0.026394483422838875,0.16084878632102975
1785487305.0216675,-0.027329718285717376,0.16069252414014204
1785487305.0216675,-0.0284374276196812,0.16151567786502957
1785487305.0216675,-0.02919738192158931,0.16036369197867595
1785487305.0216675,-0.030129747493750084,0.1601911331256186
1785487305.0216675,-0.030870534250832266,0.15903147571963053
1785487305.0216675,-0.03179512181239786,0.15884920642996622
1785487305.0216675,-0.03271863344244243,0.15866156176010096
1785487305.0216675,-0.033433376741839896,0.15749034516638827
1785487305.0216675,-0.03434895595376775,0.15729319351413792
1785487305.0216675,-0.03526337281366425,0.15709071913640998
1785487305.0216675,-0.03527780047072781,0.15298522294961397
1785487305.0216675,-0.03731896016183385,0.15764293630522966
1785487305.0216675,-0.03776331882364575,0.1554796790806262
1785487305.0216675,-0.03818379193409027,0.15331666684158124
1785487305.0216675,-0.040558872322457994,0.15890556743473513
1785487305.0216675,-0.04097667760000417,0.15673197519128174
1785487305.0216675,-0.04162915094807464,0.15552496035148936
1785487305.0216675,-0.04068389096004623,0.14852885497214285
1785487305.0216675,-0.04316593918182827,0.1540671949187806
1785487305.0216675,-0.04378605617521513,0.1528521491602879
1785487305.0216675,-0.044112539036651355,0.1506754311317392
1785487305.0216675,-0.04556139034670328,0.15233239290437647
1785487305.0216675,-0.04586252695200081,0.15015202385773085
1785487305.0216675,-0.046437530677120586,0.14892802539760794
1785487305.0216675,-0.04790953254716697,0.15056121342826068
1785487305.0216675,-0.049402081715983426,0.15218223673516607
1785487305.0216675,-0.05028651268051456,0.15189228254925685
1785487305.0216675,-0.051169241973814866,0.15159718840208092
1785487305.0216675,-0.053026183719208635,0.15413378817210566
1785487305.0216675,-0.05226786124312566,0.14910423528172392
1785487305.0216675,-0.054815803252516816,0.15350644458747706
1785487305.0216675,-0.05502431250914587,0.15130540153572103
1785487305.0216675,-0.05590354766537419,0.15098275682810655
1785487305.0216675,-0.05678089107262841,0.1506550029371352
1785487305.0216675,-0.057298198567244794,0.14938847109646522
1785487305.0216675,-0.05962040326265942,0.15277895470457464
1785487305.0216675,-0.05977022700304704,0.15057064826352934
1785487305.0216675,-0.060270754415707374,0.14929311994580127
1785487305.0216675,-0.06113819506038671,0.1489399899481265
1785487305.0216675,-0.060848224238773126,0.14581322266813218
1785487305.0216675,-0.061695412029786276,0.145456792321133
1785487305.0216675,-0.0641238134187004,0.14876873565080445
1785487305.0216675,-0.06418581412817977,0.1465611821741814
1785487305.0216675,-0.0658502643115114,0.14801264420514662
1785487305.0216675,-0.06671016183330689,0.1476270790291173
1785487305.0216675,-0.06673362983348122,0.14541877975295603
1785487305.0216675,-0.06800078952374984,0.14593454740100642
1785487305.0216675,-0.07013145713214579,0.14824837336829907
1785487305.0216675,-0.06969400479268076,0.1451335426321142
1785487305.0216675,-0.071413328030828,0.14652350458430946
1785487305.0216675,-0.07359448584726604,0.1487946556677018
1785487305.0216675,-0.07131897264229874,0.14210771393399105
1785487305.0216675,-0.07305190672210517,0.14347270968813114
1785487305.0216675,-0.07617984444249122,0.14748772560152668
1785487305.0216675,-0.07610836789224744,0.14527049880344917
1785487305.0216675,-0.07789057599970928,0.14659145975406238
1785487305.0216675,-0.07874200255980238,0.14613587832994832
1785487305.0216675,-0.07671399111225664,0.14040997978498337
1785487305.0216675,-0.07801403922270514,0.14083610753336
1785487305.0216675,-0.08079054654444265,0.14386761189614183
1785487305.0216675,-0.08162607900729077,0.14339520699641314
1785487305.0216675,-0.07996009131000732,0.1385870941079512
1785487305.0216675,-0.08126970204796696,0.13898285876331867
1785487305.0216675,-0.08411599064623942,0.1419489425154355
1785487305.0216675,-0.08391072414848601,0.13974258903062978
1785487305.0216675,-0.08576174632812227,0.14096072158725442
1785487305.0216675,-0.08448136469684299,0.13705436337435203
1785487305.0216675,-0.08739589356439675,0.1399534206503338
1785487305.0216675,-0.09088152838198664,0.14366818856977887
1785487305.0216675,-0.08901821116193058,0.13892717604982327
1785487305.0216675,-0.09472439677031926,0.14595645554115166
1785487305.0216675,-0.09337479436207256,0.14206036880779963
1785487305.0216675,-0.09309136806605836,0.13984990679495482
1785487305.0216675,-0.09334437133197568,0.1384768099981573
1785487305.0216675,-0.09302081343529471,0.13627960387191013
1785487305.0216675,-0.09608622469748884,0.13902675045759433
1785487305.0216675,-0.0980400073974353,0.1401040979205723
1785487305.0216675,-0.09596290030768621,0.1354515399208531
1785487305.0216675,-0.09966335761253126,0.13895400841293923
1785487305.0216675,-0.09753226276233602,0.13432593056760123
1785487305.0216675,-0.09831200657178739,0.13375629804320321
1785487305.0216675,-0.09789459355219526,0.13157754382521014
1785487305.0216675,-0.10166621682749914,0.13499992694590043
1785487305.0216675,-0.1000249679371581,0.13122502792081678
1785487305.0216675,-0.10567324720174323,0.1369750429541852
1785487305.0216675,-0.10092945904329147,0.12926424789187904
1785487305.0216675,-0.10601968747397325,0.1341671613046483
1785487305.0216675,-0.10804746096428029,0.1351101171105774
1785487305.0216675,-0.11260610235490243,0.13914333454228078
1785487305.0216675,-0.11341361467818724,0.13848593372879248
1785487305.0216675,-0.11357920245065506,0.13705387945649078
1785487305.0216675,-0.10923411395597138,0.13026092643698353
1785487305.0216675,-0.11581301582430814,0.13648570328348086
1785487305.0216675,-0.1146507361658538,0.13353354769845074
1785487305.0216675,-0.11804889491309252,0.13588399826586775
1785487305.0216675,-0.11355569421648863,0.12918632404555502
1785487305.0216675,-0.11629895967648947,0.13076525125233004
1785487305.0216675,-0.1224088818284804,0.13603332326556136
1785487305.0216675,-0.11242671322186938,0.12348778369035159
1785487305.0216675,-0.1199182011028587,0.13018688652877117
1785487305.0216675,-0.1336271357349702,0.14338684244335703
1785487305.0216675,-0.12485476555875309,0.1324208675855554
1785487305.0216675,-0.12424250035809886,0.13024516758670363
1785487305.0216675,-0.12916465355280113,0.1338375654044168
1785487305.0216675,-0.1348312741291581,0.1380924651933124
1785487305.0216675,-0.13633505677176708,0.13801722542926623
1785487305.0216675,-0.13572184479234375,0.13580714814409475
1785487305.0216675,-0.13011067101618654,0.12868648987710124
1785487305.0216675,-0.12871186675077664,0.12583027430809735
1785487305.0216675,-0.12368869901315965,0.11952032356810206
1785487305.0216675,-0.12944392614699787,0.12363361929005552
1785487305.0216675,-0.1250708396272412,0.11807322763577156
1785487305.0216675,-0.1294112547401297,0.12075482402946085
1785487305.0216675,-0.14113791387145702,0.1301694661158381
1785487305.0216675,-0.1352415164599762,0.12328313597073036
1785487305.0216675,-0.1359563846499438,0.12249432991811551
1785487305.0216675,-0.14786883729078684,0.1316769020497099
1785487305.0216675,-0.001501336641287595,0.0013213586452991873
1785487305.0216675,-0.001508997779934898,0.0013126027884059856
1785487305.0216675,-0.15545229638035646,0.13363975013796112
1785487305.0216675,-0.15470289895779885,0.13143823904215815
1785487305.0216675,-0.14014814339314074,0.11767538949426623
1785487305.0216675,-0.0015391291304643882,0.0012771381678328918
1785487305.0216675,-0.0015465323925396342,0.0012681632145765996
1785487305.0216675,-0.13984949777833047,0.11332308037672402
1785487305.0216675,-0.001561181666217151,0.0012500848711375799
1785487305.0216675,-0.0015684271820950964,0.0012409820927172376
1785487305.0216675,-0.16386443640609022,0.12811107784494186
1785487305.0216675,-0.14877930996432276,0.11492917169332859
1785487305.0216675,-0.1629590325192955,0.12437585371460998
1785487305.0216675,-0.0015968760725879967,0.0012041541382960715
1785487305.0216675,-0.001603853798581586,0.0011948444973112764
1785487305.0216675,-0.0,0.0
1785487305.0216675,-0.0,0.0
1785487305.0216675,-0.0,0.0
1785487305.0216675,-0.0016312196325671093,0.0011572047745784858
1785487305.0216675,-0.0,0.0
1785487305.0216675,-0.0,0.0
1785487305.0216675,-0.0,0.0
1785487305.0216675,-0.0,0.0
1785487305.0216675,-0.0,0.0
1785487305.0216675,-0.0,0.0
1785487305.0216675,-0.0,0.0
1785487305.0216675,-0.0,0.0
1785487305.0216675,-0.0,0.0
1785487305.0216675,-0.0,0.0
1785487305.0216675,-0.0,0.0
1785487305.0216675,-0.0,0.0
1785487305.0216675,-0.0,0.0
1785487305.0216675,-0.0,0.0
1785487305.0216675,-0.0,0.0
1785487305.0216675,-0.0,0.0
1785487305.0216675,-0.0,0.0
1785487305.0216675,-0.0,0.0
1785487305.0216675,-0.0,0.0
1785487305.0216675,-0.0,0.0
1785487305.0216675,-0.0,0.0
1785487305.0216675,-0.0,0.0
1785487305.0216675,-0.0,0.0
1785487305.0216675,-0.0,0.0
1785487305.0216675,-0.0,0.0
1785487305.0216675,-0.0,0.0
1785487305.0216675,-0.0,0.0
1785487305.0216675,-0.0,0.0
1785487305.0216675,-0.0,0.0
1785487305.0216675,-0.0,0.0
1785487305.0216675,-0.0,0.0
1785487305.0216675,-0.0,0.0
1785487305.0216675,-0.0,0.0
1785487305.0216675,-0.0,0.0
1785487305.0216675,-0.0,0.0
1785487305.0216675,-0.0,0.0
1785487305.0216675,-0.0,0.0
1785487305.0216675,-0.0,0.0
1785487305.0216675,-0.0,0.0
1785487305.0216675,-0.0,0.0
1785487305.0216675,-0.0,0.0
1785487305.0216675,-0.0,0.0
1785487305.0216675,-0.0,0.0
1785487305.0216675,-0.0,0.0
1785487305.0216675,-0.0,0.0
1785487305.0216675,-0.0,0.0
1785487305.0830317,2.8257723383114937,1.028133993456534
1785487305.0830317,2.8206813762787992,1.0449018872052258
1785487305.0830317,2.812684056168077,1.0605869377148935
1785487305.0830317,2.817670189542671,1.081229866268019
1785487305.0830317,2.8122645158003476,1.0979661268154985
1785487305.0830317,2.8030417088326955,1.1131996110902307
1785487305.0830317,2.7993003358012514,1.1306099913086713
1785487305.0830317,2.797301097454882,1.148774191631615
1785487305.0830317,2.791494137562164,1.1654123977927466
1785487305.0830317,2.7874292008808315,1.1828030921002721
1785487305.0830317,2.7823378893003294,1.1997898550937152
1785487305.0830317,2.7771434301265665,1.2167574786104105
1785487305.0830317,2.7709319094831755,1.2332985472820508
1785487305.0830317,2.767355551194352,1.2510443214097184
1785487305.0830317,2.7609401689222204,1.2675385724381605
1785487305.0830317,2.7562388741600334,1.2848453586873283
1785487305.0830317,2.7559493143256986,1.304279313671297
1785487305.0830317,2.7456113298184204,1.318989935068445
1785487305.0830317,2.741487460139068,1.3366922663910263
1785487305.0830317,2.7964051372851686,1.3836609389781167
1785487305.0830317,1.519270951614614,0.7627686003662325
1785487305.0830317,1.5050063744866962,0.7666008401971921
1785487305.0830317,1.480976537551265,0.765243542695121
1785487305.0830317,1.4729569924855446,0.7719887674396366
1785487305.0830317,1.4693243449327795,0.7810134977359049
1785487305.0830317,1.4533127942300774,0.7833792170487721
1785487305.0830317,1.422406583484896,0.7774321052134929
1785487305.0830317,1.4108626051573947,0.7818157220221172
1785487305.0830317,1.4071625794701126,0.7904994338258907
1785487305.0830317,1.381684759910113,0.7867956090218642
1785487305.0830317,1.3701557335742585,0.7908206623927104
1785487305.0830317,1.3456793567666225,0.7871646056251981
1785487305.0830317,1.3324753771571054,0.7898800200578499
1785487305.0830317,1.3081415610886475,0.7857746025466166
1785487305.0830317,1.2847554299916617,0.7819330727112881
1785487305.0830317,1.2589054181030803,0.7762719024044469
1785487305.0830317,1.2391022748072988,0.7740455104504318
1785487305.0830317,1.2252833873024682,0.775358471343009
1785487305.0830317,1.213175143735151,0.7776162463885165
1785487305.0830317,1.1826300060256385,0.7677800301649842
1785487305.0830317,1.1756369986018573,0.7729983793973739
1785487305.0830317,1.1719528516820215,0.7803784286806004
1785487305.0830317,1.1557858897389424,0.7793555837842109
1785487305.0830317,1.1462775810868886,0.782682399742316
1785487305.0830317,1.1359473516184373,0.7853564351612535
1785487305.0830317,1.1305403253953719,0.7913776339360503
1785487305.0830317,1.117758819161071,0.7921585922357887
1785487305.0830317,1.1196318547931225,0.803311003009229
1785487305.0830317,1.0995669858451935,0.7986446991675124
1785487305.0830317,1.0916799159524175,0.8026580920885747
1785487305.0830317,1.0829812251241329,0.8060097582546064
1785487305.0830317,1.072683194962856,0.8080840978844516
1785487305.0830317,1.077506766500669,0.8215864043631816
1785487305.0830317,1.0735008542815463,0.8284514294877926
1785487305.0830317,1.0718159181039235,0.8371443582853294
1785487305.0830317,1.0441772847431035,0.8253815598421185
1785487305.0830317,1.0120272917025024,0.8095781436878057
1785487305.0830317,0.9925331636619221,0.8034966038358096
1785487305.0830317,0.9886159113291721,0.8098904694796797
1785487305.0830317,0.9823482192760141,0.8143512967361746
1785487305.0830317,0.9814250901889363,0.8232653513725675
1785487305.0830317,0.9850057266776701,0.8360788607190565
1785487305.0830317,0.9793668183604901,0.84114306586688
1785487305.0830317,0.978231229297884,0.8501056827912903
1785487305.0830317,0.9830322285462463,0.8643660553185268
1785487305.0830317,0.9817230737783067,0.8733932871164574
1785487305.0830317,1.0070989134660637,0.9065190732602498
1785487305.0830317,1.1112311440494675,1.0120150233879441
1785487305.0830317,1.192104020238374,1.098421217880174
1785487305.0830317,1.1813053882558229,1.1012459355118818
1785487305.0830317,1.1923388302485467,1.124566273981369
1785487305.0830317,1.1908411944803687,1.1363156870227342
1785487305.0830317,1.2460834045547333,1.2029547480136524
1785487305.0830317,1.2383491247361305,1.2094842952161533
1785487305.0830317,1.234137743576062,1.2194790197128174
1785487305.0830317,1.2609694114119807,1.2605733284013676
1785487305.0830317,1.242365618837369,1.2565096607582733
1785487305.0830317,1.2217553899539118,1.250127136389652
1785487305.0830317,1.193619383144894,1.2356362551171067
1785487305.0830317,1.1656939341937231,1.2208609787518767
1785487305.0830317,1.146217831403425,1.2145305840675984
1785487305.0830317,1.1268552429054328,1.2080153549055836
1785487305.0830317,1.1028627247514635,1.1961700241043747
1785487305.0830317,1.0776996172504305,1.182608815827204
1785487305.0830317,1.0654479498249982,1.1829136445682331
1785487305.0830317,1.0405959963357851,1.168924784368085
1785487305.0830317,1.0133011649849966,1.1516843617071628
1785487305.0830317,0.841882576829227,0.968154278642797
1785487305.0830317,0.6921926177844986,0.8054274994421321
1785487305.0830317,0.6719589588096538,0.7911479835894696
1785487305.0830317,0.6673453632596974,0.795043483337874
1785487305.0830317,0.6607938271823417,0.7966030685755675
1785487305.0830317,0.6612203786162582,0.80662046533299
1785487305.0830317,0.6514813440605572,0.8042368987104153
1785487305.0830317,0.6536660956683038,0.8166006633319022
1785487305.0830317,0.6420806784323384,0.8117618698178456
1785487305.0830317,0.6324213053778336,0.8091799494822848
1785487305.0830317,0.5341897563015501,0.6917494682089008
1785487305.0830317,0.4749573135611124,0.6224986251769392
1785487305.0830317,0.4641047116402792,0.6156686278183274
1785487305.0830317,0.4629045768223674,0.6215660188604472
1785487305.0830317,0.4569105499329772,0.6210264020203595
1785487305.0830317,0.44917472331587427,0.6180113799504716
1785487305.0830317,0.4479049014797186,0.6238631336153386
1785487305.0830317,0.44311124980785466,0.6248266788913497
1785487305.0830317,0.4394690422148796,0.6273937513997164
1785487305.0830317,0.4346740875685516,0.6282948634284906
1785487305.0830317,0.4310118477820652,0.6308127970211672
1785487305.0830317,0.4278943545982366,0.6341383125282158
1785487305.0830317,0.4291888067475678,0.6441063197836897
1785487305.0830317,0.42323604882868104,0.6432505092098394
1785487305.0830317,0.4183974407111579,0.6440245273747417
1785487305.0830317,0.42274248184691815,0.6590734269368447
1785487305.0830317,0.4178314233918458,0.6598317436509786
1785487305.0830317,0.42140701698803545,0.6741225056095025
1785487305.0830317,0.4411092460985356,0.7148584397953408
1785487305.0830317,0.43954422600255,0.721682701565659
1785487305.0830317,0.4379146186061713,0.7285127502948527
1785487305.0830317,0.4300979322338424,0.7250274200640631
1785487305.0830317,0.4208211919136614,0.7188870089145176
1785487305.0830317,0.4121307684920994,0.7135294186182983
1785487305.0830317,0.41688512474558365,0.7315536929123928
1785487305.0830317,0.4008613075704413,0.7130457506479051
1785487305.0830317,0.39767656165342874,0.7171145937584262
1785487305.0830317,0.3944580383317023,0.7211705068116986
1785487305.0830317,0.3874076021949244,0.7181722111438423
1785487305.0830317,0.3747698730197317,0.7045221836601725
1785487305.0830317,0.3576594248143208,0.6818942047475698
1785487305.0830317,0.3325573555461468,0.6431030804855971
1785487305.0830317,0.29701961421342704,0.5826622762718624
1785487305.0830317,0.2671360548692726,0.5316609466897628
1785487305.0830317,0.2569385670993209,0.5188675826446748
1785487305.0830317,0.2521617173563109,0.5167586037898622
1785487305.0830317,0.24958468993513566,0.5191179576796874
1785487305.0830317,0.2452765264772529,0.5178498251486233
1785487305.0830317,0.24183717975132954,0.5183616585339038
1785487305.0830317,0.24215779004440552,0.5270290175704003
1785487305.0830317,0.2324923692807691,0.5138514474625965
1785487305.0830317,0.2294992848300724,0.5151951961108298
1785487305.0830317,0.21043470717622673,0.4798887605705857
1785487305.0830317,0.19694058452031055,0.45631503913125304
1785487305.0830317,0.19193732838740454,0.4519303692978897
1785487305.0830317,0.18506407952568746,0.4428896884887111
1785487305.0830317,0.18020354196466476,0.4384092722764802
1785487305.0830317,0.1772754048548915,0.4385229998080915
1785487305.0830317,0.17361328486251007,0.4367590024243136
1785487305.0830317,0.16997772415709156,0.4349673325851382
1785487305.0830317,0.1670860183712995,0.43501523398472763
1785487305.0830317,0.16384640666397524,0.4341086760629954
1785487305.0830317,0.15992769130786047,0.4313040009436685
1785487305.0830317,0.15604718772513046,0.4284685232552278
1785487305.0830317,0.1511949230401344,0.4227778330320635
1785487305.0830317,0.15138302968707895,0.4311985236214154
1785487305.0830317,0.14724332568318171,0.4273445868725302
1785487305.0830317,0.14411439722701785,0.4262992256421039
1785487305.0830317,0.13974368981780338,0.4214352930608474
1785487305.0830317,0.1375989804628918,0.423192053575911
1785487305.0830317,0.13361651281715703,0.41922145150802936
1785487305.0830317,0.13177183200361373,0.4219006823480445
1785487305.0830317,0.12697478914509833,0.41501010866938065
1785487305.0830317,0.1254194741434101,0.4186155290141446
1785487305.0830317,0.12298220292397213,0.4193380299831731
1785487305.0830317,0.11998909493169681,0.4181239280066544
1785487305.0830317,0.1175547753095582,0.41881484796525653
1785487305.0830317,0.11379330105540673,0.4146698575808386
1785487305.0830317,0.11319232832088486,0.4220858946180252
1785487305.0830317,0.10794769272969577,0.4120962203439928
1785487305.0830317,0.10678747355728677,0.4175612895837547
1785487305.0830317,0.10411452657059059,0.41720519113282994
1785487305.0830317,0.10073990346652303,0.41391722727741725
1785487305.0830317,0.0980995610251504,0.4135232596353711
1785487305.0830317,0.09546721221130128,0.41311258410613
1785487305.0830317,0.09328194988074032,0.4146365733497671
1785487305.0830317,0.09044075189390205,0.4132184374553435
1785487305.0830317,0.08761922401067457,0.41178134342845396
1785487305.0830317,0.0866393463422617,0.41913914911221023
1785487305.0830317,0.08301931349316878,0.4137532911537531
1785487305.0830317,0.08099308768432721,0.4161924020229116
1785487305.0830317,0.07857066384076809,0.4166565090549564
1785487305.0830317,0.07470887454830147,0.40923659563245257
1785487305.0830317,0.07337019508245735,0.41557286584545144
1785487305.0830317,0.07145590226865599,0.4189499542472371
1785487305.0830317,0.06901759869817738,0.4193585353879507
1785487305.0830317,0.06626365564013034,0.41777761380592926
1785487305.0830317,0.0641340675809391,0.42013311165428663
1785487305.0830317,0.0613987035089701,0.41852025741126025
1785487305.0830317,0.05868428395524616,0.41688986318767113
1785487305.0830317,0.05692632910222255,0.42217933658862905
1785487305.0830317,0.05459734656472985,0.42349512150524465
1785487305.0830317,0.05201079881366007,0.42281305087974097
1785487305.0830317,0.04966666592175522,0.4241016511249018
1785487305.0830317,0.046977694178897245,0.42239567514644816
1785487305.0830317,0.00020950475936795226,0.0019889967661566965
1785487305.0830317,0.03463790926865284,0.3482817983604246
1785487305.0830317,0.02487777472823209,0.2658384675888801
1785487305.0830317,0.019660897708792344,0.22413934598609728
1785487305.0830317,0.016888176543332738,0.20630993778958276
1785487305.0830317,0.014247815518551298,0.18745932180748962
1785487305.0830317,0.01350701900690348,0.19252678219927097
1785487305.0830317,0.011424126102281123,0.1776330218349065
1785487305.0830317,0.00011674848608514107,0.0019965896350969186
1785487305.0830317,0.009093921536752822,0.17276081198450358
1785487305.0830317,0.00893040096509238,0.19079111038512467
1785487305.0830317,0.0067148895563825285,0.16386247814576158
1785487305.0830317,0.006815507930976929,0.19388024930816608
1785487305.0830317,0.005159850064753044,0.17592434627309522
1785487305.0830317,0.004441912845484708,0.18894779105089324
1785487305.0830317,0.003077406447046762,0.17397277898337063
1785487305.0830317,0.0020415894161687925,0.17198788888188496
1785487305.0830317,0.0009744951374530146,0.16099704922829175
1785487305.0830317,4.0997782570307636e-05,0.17399999016327236
1785487305.0830317,-0.0009600238748810144,0.17199732661745495
1785487305.0830317,-0.0020403312906262412,0.1789883763916873
1785487305.0830317,-0.0029609933998374703,0.1719745170874974
1785487305.0830317,-0.0036158786742778878,0.15695836093820703
1785487305.0830317,-0.004903869435945121,0.1699292578472659
1785487305.0830317,-0.005788308571507158,0.16689965263747117
1785487305.0830317,-0.006718617199227363,0.16586397464586342
1785487305.0830317,-0.007914786029627505,0.17081673649479343
1785487305.0830317,-0.00869993648196548,0.16677322828271116
1785487305.0830317,-0.009669934097411691,0.1667197976881547
1785487305.0830317,-0.009811372001324264,0.15368713909249662
1785487305.0830317,-0.011052799051187896,0.158615364487278
1785487305.0830317,-0.013029730321211448,0.17250861918819627
1785487305.0830317,-0.01314074603719159,0.16146616038068556
1785487305.0830317,-0.014166709007350214,0.16238320471036363
1785487305.0830317,-0.014832958167041678,0.15931096072651632
1785487305.0830317,-0.015857939606454895,0.1602171190991398
1785487305.0830317,-0.017102530026778928,0.16310580907039374
1785487305.0830317,-0.017280579933885473,0.15604609320372032
1785487305.0830317,-0.018998962226812327,0.16289579773624843
1785487305.0830317,-0.019824606395004305,0.1617899434371307
1785487305.0830317,-0.0207654272703415,0.161671883289541
1785487305.0830317,-0.02183870857703951,0.16253944842256524
1785487305.0830317,-0.022506002906868793,0.16042904970001926
1785487305.0830317,-0.023294177265736765,0.15930593462423914
1785487305.0830317,-0.024070051456097426,0.15817911201701587
1785487305.0830317,-0.02514598229649089,0.1590241462021868
1785487305.0830317,-0.026556413094663504,0.16183559067575398
1785487305.0830317,-0.026994383644597903,0.15872083276192253
1785487305.0830317,-0.028090629028653336,0.15954597053912023
1785487305.0830317,-0.02919738192158931,0.16036369197867595
1785487305.0830317,-0.029760056596931837,0.1582255937967601
1785487305.0830317,-0.030489415772796558,0.1570681201944697
1785487305.0830317,-0.0319913883935921,0.1598297590711978
1785487305.0830317,-0.03251666616063784,0.15768216742164456
1785487305.0830317,-0.03364103788977984,0.15846854805983943
1785487305.0830317,-0.03434895595376775,0.15729319351413792
1785487305.0830317,-0.035920455632602696,0.16001788135383754
1785487305.0830317,-0.036176596378105975,0.15688292888483926
1785487305.0830317,-0.03708859574404976,0.1566698297909472
1785487305.0830317,-0.03799934004987873,0.15645142906590404
1785487305.0830317,-0.03866712842860903,0.15525737352756
1785487305.0830317,-0.040064250939567066,0.15696769078745676
1785487305.0830317,-0.04047079166764612,0.1547970086189808
1785487305.0830317,-0.04214628431096491,0.15745695137048132
1785487305.0830317,-0.04147643590086619,0.15142228010420697
1785487305.0830317,-0.04289615150917239,0.15310427297760215
1785487305.0830317,-0.04351067570986906,0.15189082723176187
1785487305.0830317,-0.04439351118289027,0.1516351491664545
1785487305.0830317,-0.04556139034670328,0.15233239290437647
1785487305.0830317,-0.04615464554029919,0.15110840808150836
1785487305.0830317,-0.04822358869629348,0.15465602363873823
1785487305.0830317,-0.04972888096928161,0.1562787249863769
1785487305.0830317,-0.049710845359335856,0.15313337766355875
1785487305.0830317,-0.04965793466739813,0.14999363927329298
1785487305.0830317,-0.05180885880900201,0.1534921571397188
1785487305.0830317,-0.05270086905438992,0.15318818020789754
1785487305.0830317,-0.05359109592789665,0.15287901946226048
1785487305.0830317,-0.053806921408994596,0.15068116691901848
1785487305.0830317,-0.05604961234545789,0.15412476258456492
1785487305.0830317,-0.05625077537652486,0.1519205398359122
1785487305.0830317,-0.05678089107262841,0.1506550029371352
1785487305.0830317,-0.05658197495397949,0.14752112529460165
1785487305.0830317,-0.05671209051200625,0.1453263217520387
1785487305.0830317,-0.058663368707585116,0.14778229728277983
1785487305.0830317,-0.05914770017154687,0.14651126872119807
1785487305.0830317,-0.06037871282996468,0.14708979997027205
1785487305.0830317,-0.060463108132755725,0.1448903523424602
1785487305.0830317,-0.062085884275902795,0.14637739303586875
1785487305.0830317,-0.06333215979918709,0.14693208087671344
1785487305.0830317,-0.06458697628842425,0.14747719143958649
1785487305.0830317,-0.06544378037591227,0.14709898405869185
1785487305.0830317,-0.06712195378904118,0.14853835913880503
1785487305.0830317,-0.06881906003862695,0.14996312593117184
1785487305.0830317,-0.06842315553608423,0.14684097500691035
1785487305.0830317,-0.06713804166749297,0.14192069971660073
1785487305.0830317,-0.06752959674926014,0.14062629401040683
1785487305.0830317,-0.0692227372692026,0.1420289229095161
1785487305.0830317,-0.07137778649596613,0.1443128930342892
1785487305.0830317,-0.07221606848742412,0.14389523603375334
1785487305.0830317,-0.07259816724714123,0.14258157303083363
1785487305.0830317,-0.07296744156956576,0.14126836407734747
1785487305.0830317,-0.0770365136602536,0.1470420805941855
1785487305.0830317,-0.07929823991803561,0.1492407084723072
1785487305.0830317,-0.07874200255980238,0.14613587832994832
1785487305.0830317,-0.07815238139273722,0.14304267230009002
1785487305.0830317,-0.07801403922270514,0.14083610753336
1785487305.0830317,-0.08030090589558912,0.14299568524320005
1785487305.0830317,-0.07766845044276625,0.1364427112484032
1785487305.0830317,-0.0819590976885327,0.14205177855946105
1785487305.0830317,-0.08530794881325286,0.1458888405214393
1785487305.0830317,-0.08411599064623942,0.1419489425154355
1785487305.0830317,-0.08545508873966334,0.14231453091968382
1785487305.0830317,-0.08576174632812227,0.14096072158725442
1785487305.0830317,-0.08710500708635596,0.1413107060447978
1785487305.0830317,-0.08739589356439675,0.1399534206503338
1785487305.0830317,-0.08820854483037859,0.13944265768607444
1785487305.0830317,-0.09063671926860327,0.14145311717736128
1785487305.0830317,-0.09254682806722553,0.14260114032735774
1785487305.0830317,-0.0906284795288146,0.13788212669502847
1785487305.0830317,-0.09419960089910799,0.1415147900341733
1785487305.0830317,-0.09446227028884396,0.14013521831178594
1785487305.0830317,-0.09471209591187069,0.13875740746694754
1785487305.0830317,-0.09210632230041736,0.1332682465810475
1785487305.0830317,-0.09345333973519665,0.13354951931191933
1785487305.0830317,-0.09596290030768621,0.1354515399208531
1785487305.0830317,-0.0967492185083562,0.13489101756757463
1785487305.0830317,-0.10046998758550708,0.1383719006850543
1785487305.0830317,-0.10304993555627968,0.14020238599782692
1785487305.0830317,-0.09968534299712604,0.13398444297071527
1785487305.0830317,-0.09986148742507187,0.1326034736786544
1785487305.0830317,-0.10063117203522352,0.13202032084952162
1785487305.0830317,-0.10811656432661894,0.14014210251744072
1785487305.0830317,-0.1058528479603197,0.1355698218191691
1785487305.0830317,-0.10601968747397325,0.1341671613046483
1785487305.0830317,-0.10430015173944904,0.13042421904598636
1785487305.0830317,-0.10191166543458004,0.1259286012105489
1785487305.0830317,-0.11214642092098467,0.1369386017688735
1785487305.0830317,-0.10911260513564128,0.13166412079659404
1785487305.0830317,-0.10409368427541314,0.12413099954671213
1785487305.0830317,-0.11516601444324912,0.13572321179760863
1785487305.0830317,-0.11334788424388267,0.13201611793668386
1785487305.0830317,-0.11280227670989376,0.12984470870411463
1785487305.0830317,-0.1102546500162784,0.1254309001658502
1785487305.0830317,-0.11962179388630749,0.13450140892326176
1785487305.0830317,-0.11906438001955631,0.13231656930996916
1785487305.0830317,-0.12791063349126885,0.14049508508795494
1785487305.0830317,-0.12466072831675502,0.13533551990199486
1785487305.0830317,-0.126809431051656,0.13607119400208106
1785487305.0830317,-0.12554078215830985,0.13314845625936259
1785487305.0830317,-0.1214815504201931,0.12735082477869047
1785487305.0830317,-0.12360918380391644,0.1280811101713707
1785487305.0830317,-0.13133822892732278,0.13451493300674383
1785487305.0830317,-0.13352401905957254,0.13517150375796044
1785487305.0830317,-0.11875661155995043,0.11883125199107746
1785487305.0830317,-0.12655573800745518,0.1251704688845958
1785487305.0830317,-0.13157212548387043,0.12862649776489957
1785487305.0830317,-0.12584605362548243,0.12160497417380148
1785487305.0830317,-0.1279976224065986,0.12225223530904704
1785487305.0830317,-0.14179541863065379,0.1338620800146939
1785487305.0830317,-0.1454962692689347,0.13576389803030858
1785487305.0830317,-0.1440782820566465,0.13288132536294803
1785487305.0830317,-0.13302444891872633,0.12126210687923028
1785487305.0830317,-0.13372759799239198,0.12048623203547328
1785487305.0830317,-0.13741346596876491,0.12236641492688319
1785487305.0830317,-0.13587095528764467,0.1195829479392538
1785487305.0830317,-0.1410912905793732,0.12272835911148544
1785487305.0830317,-0.0015166078548282677,0.0013038025136702335
1785487305.0830317,-0.16003748128889791,0.13597059177988122
1785487305.0830317,-0.15852823095292304,0.13310823013111162
1785487305.0830317,-0.0015391291304643882,0.0012771381678328918
1785487305.0830317,-0.0015465323925396342,0.0012681632145765996
1785487305.0830317,-0.1429572589928716,0.11584136667379272
1785487305.0830317,-0.0,0.0
1785487305.0830317,-0.15841114338312634,0.12533918977527844
1785487305.0830317,-0.14732043283919696,0.11517678792023378
1785487305.0830317,-0.1646069051632711,0.1271556862977359
1785487305.0830317,-0.15421489520468348,0.11770203191603079
1785487305.0830317,-0.0015968760725879967,0.0012041541382960715
1785487305.0830317,-0.15396995868901153,0.11470506729074012
1785487305.0830317,-0.0016107772509395195,0.001185494423367459
1785487305.0830317,-0.0016176461953755215,0.0011761042328665944
1785487305.0830317,-0.0,0.0
1785487305.0830317,-0.0,0.0
1785487305.0830317,-0.0,0.0
1785487305.0830317,-0.0,0.0
1785487305.0830317,-0.0,0.0
1785487305.0830317,-0.0,0.0
1785487305.0830317,-0.0,0.0
1785487305.0830317,-0.0,0.0
1785487305.0830317,-0.0,0.0
1785487305.0830317,-0.0,0.0
1785487305.0830317,-0.0,0.0
1785487305.0830317,-0.0,0.0
1785487305.0830317,-0.0,0.0
1785487305.0830317,-0.0,0.0
1785487305.0830317,-0.0,0.0
1785487305.0830317,-0.0,0.0
1785487305.0830317,-0.0,0.0
1785487305.0830317,-0.0,0.0
1785487305.0830317,-0.0,0.0
1785487305.0830317,-0.0,0.0
1785487305.0830317,-0.0,0.0
1785487305.0830317,-0.0,0.0
1785487305.0830317,-0.0,0.0
1785487305.0830317,-0.0,0.0
1785487305.0830317,-0.0,0.0
1785487305.0830317,-0.0,0.0
1785487305.0830317,-0.0,0.0
1785487305.0830317,-0.0,0.0
1785487305.0830317,-0.0,0.0
1785487305.0830317,-0.0,0.0
1785487305.0830317,-0.0,0.0
1785487305.0830317,-0.0,0.0
1785487305.0830317,-0.0,0.0
1785487305.0830317,-0.0,0.0
1785487305.0830317,-0.0,0.0
1785487305.0830317,-0.0,0.0
1785487305.0830317,-0.0,0.0
1785487305.0830317,-0.0,0.0
1785487305.0830317,-0.0,0.0
1785487305.0830317,-0.0,0.0
1785487305.0830317,-0.0,0.0
1785487305.0830317,-0.0,0.0
1785487305.0830317,-0.0,0.0
1785487305.0830317,-0.0,0.0
1785487305.0830317,-0.0,0.0
1785487305.0830317,-0.0,0.0
1785487305.0830317,-0.0,0.0
1785487305.0830317,-0.0,0.0
1785487305.1468253,2.8257723383114937,1.028133993456534
1785487305.1468253,2.8253701163604767,1.0466387985065735
1785487305.1468253,2.819233857326437,1.063056690241116
1785487305.1468253,2.8120686427511394,1.0790803742122137
1785487305.1468253,2.8094699307053457,1.0968750630995585
1785487305.1468253,2.803971031948194,1.1135686823486035
1785487305.1468253,2.802082038216125,1.1317334936720584
1785487305.1468253,2.7945259776870506,1.147634526698558
1785487305.1468253,2.7896484354159234,1.1646418412169983
1785487305.1468253,2.7855880124062913,1.182021811836674
1785487305.1468253,2.774991877170758,1.1966221338538365
1785487305.1468253,2.7753114557553578,1.2159548306475398
1785487305.1468253,2.7754999862026803,1.2353317269364326
1785487305.1468253,2.767355551194352,1.2510443214097184
1785487305.1468253,2.763666376915299,1.2687901655826312
1785487305.1468253,2.7580516776941266,1.2856904132393223
1785487305.1468253,2.7577571713788553,1.3051348992745047
1785487305.1468253,2.746512647062851,1.319422927298917
1785487305.1468253,2.7432852408687887,1.3375688268834691
1785487305.1468253,2.7981977885133666,1.3845479425988
1785487305.1468253,1.51390878149394,0.7600764571421912
1785487305.1468253,1.50678847867708,0.7675085855681266
1785487305.1468253,1.4863069181922701,0.7679978330314019
1785487305.1468253,1.474728415263331,0.7729171845582724
1785487305.1468253,1.459611230684098,0.7758505305806727
1785487305.1468253,1.4409890732231934,0.7767363615314814
1785487305.1468253,1.4294263896557822,0.7812688581876336
1785487305.1468253,1.4073638166713964,0.7798769025818797
1785487305.1468253,1.4028033438136003,0.7880505531004779
1785487305.1468253,1.3851606515887591,0.7887749435195339
1785487305.1468253,1.35629825195194,0.7828224600518209
1785487305.1468253,1.3379107879450767,0.7826203266467513
1785487305.1468253,1.3281742987675635,0.7873303775332352
1785487305.1468253,1.3107132859053618,0.7873193864643687
1785487305.1468253,1.2873181250562835,0.7834927905996296
1785487305.1468253,1.2537983623881275,0.7731227668152891
1785487305.1468253,1.2467354019308645,0.7788137914073949
1785487305.1468253,1.2235932623306747,0.7742889614417987
1785487305.1468253,1.2123333066591215,0.7770766489606321
1785487305.1468253,1.1893399772635962,0.7721362378489058
1785487305.1468253,1.1756369986018573,0.7729983793973739
1785487305.1468253,1.1736175360138457,0.781486906501405
1785487305.1468253,1.1541275829163025,0.7782373743534454
1785487305.1468253,1.1512327061081682,0.7860657766892862
1785487305.1468253,1.1441728855342874,0.7910432973069738
1785487305.1468253,1.1272634390937963,0.7890838152462026
1785487305.1468253,1.127549378534842,0.7990971872151138
1785487305.1468253,1.122881832798726,0.8056427900875107
1785487305.1468253,1.0971396686221806,0.7968816742146786
1785487305.1468253,1.0957082512272456,0.8056199272004406
1785487305.1468253,1.0877944129598869,0.8095919776633365
1785487305.1468253,1.0734818587039405,0.8086857549923078
1785487305.1468253,1.071940335226546,0.8173420651183398
1785487305.1468253,1.0774591871458197,0.8315061886029965
1785487305.1468253,1.0726039609145257,0.8377598609867167
1785487305.1468253,1.0433928357372808,0.8247614833919764
1785487305.1468253,1.0089037909022747,0.8070794778905603
1785487305.1468253,0.9902015253599524,0.8016090462955717
1785487305.1468253,1.001766483263351,0.8206636350292601
1785487305.1468253,0.98696735197654,0.8181804854399949
1785487305.1468253,0.9821911744538505,0.8239079787496749
1785487305.1468253,0.9857680597210418,0.8367259336498306
1785487305.1468253,0.9778496158773141,0.8398399950211923
1785487305.1468253,0.9804956692696151,0.852073533776471
1785487305.1468253,0.9800282595391249,0.8617247087119925
1785487305.1468253,0.9877000908587286,0.8787107607854115
1785487305.1468253,1.004125877459637,0.9038429569331656
1785487305.1468253,1.1104917674317603,1.0113416619103899
1785487305.1468253,1.1876915131952719,1.0943554725442763
1785487305.1468253,1.1820368808773274,1.101927853400598
1785487305.1468253,1.18942886326501,1.1218217095630465
1785487305.1468253,1.1872238189068667,1.132863941627063
1785487305.1468253,1.2475222814213938,1.2043438233774921
1785487305.1468253,1.2354875806120678,1.2066894511701665
1785487305.1468253,1.2362717142351065,1.2215876436982136
1785487305.1468253,1.2602621605191255,1.2598662996630392
1785487305.1468253,1.2416625766182003,1.255798614567915
1785487305.1468253,1.218260669682745,1.2465512613159668
1785487305.1468253,1.1957036327308945,1.2377938728548392
1785487305.1468253,1.1643127979954144,1.2194144795968276
1785487305.1468253,1.1503360082072382,1.218894197633708
1785487305.1468253,1.1207162392213728,1.201434198398697
1785487305.1468253,1.098795674192329,1.1917588822132112
1785487305.1468253,1.080393831566022,1.1855652997586685
1785487305.1468253,1.0574169587814772,1.173997236322906
1785487305.1468253,1.041260865688294,1.1696716469999335
1785487305.1468253,1.0080166633283079,1.1456781730953949
1785487305.1468253,0.8405702280483521,0.9666450942004
1785487305.1468253,0.6980586200444099,0.8122531133110642
1785487305.1468253,0.6758431418515933,0.7957211253583752
1785487305.1468253,0.667988307918953,0.7958094569845495
1785487305.1468253,0.6563247095266682,0.7912154382862302
1785487305.1468253,0.6523449758403284,0.795793392017252
1785487305.1468253,0.65336970904977,0.8065680365340897
1785487305.1468253,0.6474169037954561,0.8087937810987976
1785487305.1468253,0.6420806784323384,0.8117618698178456
1785487305.1468253,0.6355002768130419,0.8131194782888146
1785487305.1468253,0.541524147756697,0.7012471445100348
1785487305.1468253,0.47677708612761066,0.6248836940840508
1785487305.1468253,0.4683183545736065,0.6212583313869667
1785487305.1468253,0.45573704294013756,0.6119417988304635
1785487305.1468253,0.4462433739874736,0.6065277262989827
1785487305.1468253,0.4521143456705242,0.622055953194752
1785487305.1468253,0.4479049014797186,0.6238631336153386
1785487305.1468253,0.44253278301849586,0.6240109887390443
1785487305.1468253,0.43832161819446536,0.6257556686419739
1785487305.1468253,0.4318293645721843,0.6241829899637247
1785487305.1468253,0.4315759921531156,0.6316384575928136
1785487305.1468253,0.4256569939197929,0.630822549864141
1785487305.1468253,0.42586177147004,0.639113262148663
1785487305.1468253,0.4199381152069509,0.6382381821942432
1785487305.1468253,0.4162182829768821,0.6406702261928163
1785487305.1468253,0.41734347695793494,0.6506561497361126
1785487305.1468253,0.41355145145374195,0.65307289022686
1785487305.1468253,0.42034685562551727,0.6724265712628008
1785487305.1468253,0.445310295182384,0.7216666294221633
1785487305.1468253,0.4447459276822935,0.7302233168186827
1785487305.1468253,0.43585383981190157,0.7250844481478699
1785487305.1468253,0.4300979322338424,0.7250274200640631
1785487305.1468253,0.42738863523011944,0.7301061437221411
1785487305.1468253,0.4221339329332786,0.7308480772910605
1785487305.1468253,0.41440956225511133,0.7272095540251019
1785487305.1468253,0.40429164602506723,0.7191475824090693
1785487305.1468253,0.39331181724673525,0.7092438208392187
1785487305.1468253,0.3877397758098408,0.7088877991039888
1785487305.1468253,0.38265996445008904,0.70937108933415
1785487305.1468253,0.3743002426208502,0.7036393351231031
1785487305.1468253,0.3590529128727818,0.6845509540613698
1785487305.1468253,0.3311793731517464,0.6404383229395236
1785487305.1468253,0.2974737668087636,0.5835531857347755
1785487305.1468253,0.26758501722684175,0.5325544829522868
1785487305.1468253,0.2564948101721879,0.5179714498193745
1785487305.1468253,0.2508461079157787,0.5140625065997343
1785487305.1468253,0.2452516263473459,0.5101055013436268
1785487305.1468253,0.24270816798587388,0.5124272760984476
1785487305.1468253,0.24183717975132954,0.5183616585339038
1785487305.1468253,0.23965271675183558,0.5215770091254814
1785487305.1468253,0.23331679967690186,0.5156735922224246
1785487305.1468253,0.22827853543863505,0.5124547770171954
1785487305.1468253,0.2132458695846097,0.48629951506077435
1785487305.1468253,0.19852561078038736,0.459987574792974
1785487305.1468253,0.19311005811429638,0.4546916465492387
1785487305.1468253,0.18467853431519676,0.4419670134962967
1785487305.1468253,0.18020354196466476,0.4384092722764802
1785487305.1468253,0.1772754048548915,0.4385229998080915
1785487305.1468253,0.1732438996495299,0.43582973991275364
1785487305.1468253,0.17034169746112673,0.4358987281428412
1785487305.1468253,0.16636890952874692,0.4331482119922453
1785487305.1468253,0.1613745860552293,0.42755962324105246
1785487305.1468253,0.15853701293821343,0.42755352383773715
1785487305.1468253,0.15570498338609995,0.4275289113984976
1785487305.1468253,0.1525418738563862,0.4265442356059419
1785487305.1468253,0.15138302968707895,0.4311985236214154
1785487305.1468253,0.1456145293576948,0.4226173281693929
1785487305.1468253,0.14187261788427438,0.41966790485625216
1785487305.1468253,0.14068790114956775,0.4242828204149076
1785487305.1468253,0.13914503497356512,0.42794701601175983
1785487305.1468253,0.13452753182153684,0.42207977119707957
1785487305.1468253,0.1311755781640241,0.4199916256251433
1785487305.1468253,0.12873020459286588,0.42074758742908486
1785487305.1468253,0.12570647152915368,0.4195734469394052
1785487305.1468253,0.12326362310192479,0.42029760120741877
1785487305.1468253,0.12109244516102002,0.421968753506124
1785487305.1468253,0.11701429249164182,0.41688925856561365
1785487305.1468253,0.1148518376316407,0.4185272306180908
1785487305.1468253,0.11267428458612837,0.4201541475068951
1785487305.1468253,0.10921468322294005,0.41693302584001346
1785487305.1468253,0.10554864092231522,0.4127171956520853
1785487305.1468253,0.10314601740005216,0.41332420481019205
1785487305.1468253,0.10121286171932725,0.4158605045874233
1785487305.1468253,0.09856120006176516,0.4154692263369645
1785487305.1468253,0.09569237454474655,0.4140869227430126
1785487305.1468253,0.09328194988074032,0.4146365733497671
1785487305.1468253,0.09044075189390205,0.4132184374553435
1785487305.1468253,0.08845171237915138,0.4156937631357796
1785487305.1468253,0.0866393463422617,0.41913914911221023
1785487305.1468253,0.08321604505857912,0.41473376580763044
1785487305.1468253,0.08003798141782127,0.4112844773763845
1785487305.1468253,0.07801474096058986,0.41370847635119484
1785487305.1468253,0.07488846087320478,0.41022032476329445
1785487305.1468253,0.07337019508245735,0.41557286584545144
1785487305.1468253,0.07145590226865599,0.4189499542472371
1785487305.1468253,0.06901759869817738,0.4193585353879507
1785487305.1468253,0.06673360925402841,0.42074056683828354
1785487305.1468253,0.0641340675809391,0.42013311165428663
1785487305.1468253,0.06183415401836248,0.4214884774039534
1785487305.1468253,0.059660032035983135,0.4238215228496394
1785487305.1468253,0.056792700941833446,0.4211883180389993
1785487305.1468253,0.054980937174791925,0.42647051797115
1785487305.1468253,0.05213288831908657,0.42380555700245454
1785487305.1468253,0.05001561450404736,0.4270813089529697
1785487305.1468253,0.04753037239136535,0.4273650311519855
1785487305.1468253,0.043891244977888814,0.4166948024807799
1785487305.1468253,0.03424204663946125,0.3443014268163688
1785487305.1468253,0.025064125485533346,0.2678297710835119
1785487305.1468253,0.01948613511689483,0.22214700699776985
1785487305.1468253,0.01623549329205809,0.1983366056408295
1785487305.1468253,0.013944671012100576,0.18347083223763752
1785487305.1468253,0.013227080227192966,0.18853658181213082
1785487305.1468253,0.011424126102281123,0.1776330218349065
1785487305.1468253,0.00011674848608514107,0.0019965896350969186
1785487305.1468253,0.0,0.0
1785487305.1468253,9.351205660717197e-05,0.0019978127728214963
1785487305.1468253,0.008025111477299254,0.19583563408222
1785487305.1468253,0.006077746336835184,0.1728931998834156
1785487305.1468253,0.0047494074856806205,0.16193036553725865
1785487305.1468253,0.004253895335337276,0.18094999945591436
1785487305.1468253,0.0027767404725892973,0.15697544826928655
1785487305.1468253,0.001982240768371296,0.1669882309869882
1785487305.1468253,0.0009866006917598961,0.16299701664503502
1785487305.1468253,4.02909263083043e-05,0.17099999906803431
1785487305.1468253,-0.0010046761539339456,0.17999720331368046
1785487305.1468253,-0.00194914328764819,0.17098889480042467
1785487305.1468253,-0.0028577027265849968,0.1659753940724945
1785487305.1468253,-0.004030437809439392,0.17495357820857213
1785487305.1468253,-0.004846176738035246,0.1679300860774853
1785487305.1468253,-0.005718987884988161,0.16490086519245437
1785487305.1468253,-0.006678144121182731,0.16486480690173194
1785487305.1468253,-0.007266791932430478,0.1568317422654175
1785487305.1468253,-0.008908318621760941,0.170767804822688
1785487305.1468253,-0.008975088833192663,0.15473993715258225
1785487305.1468253,-0.01083073549874737,0.16965463676694353
1785487305.1468253,-0.012373574432050729,0.17756941110218194
1785487305.1468253,-0.012502515831980384,0.16552850207823563
1785487305.1468253,-0.012897398395913895,0.1584760402487236
1785487305.1468253,-0.013992884007357204,0.16039076874354882
1785487305.1468253,-0.01492566434553189,0.16030665627114313
1785487305.1468253,-0.01566094616675141,0.15822684027515718
1785487305.1468253,-0.016685394314250993,0.15912761065311323
1785487305.1468253,-0.017720848723732082,0.160021782959385
1785487305.1468253,-0.018767267102366893,0.16090925964655872
1785487305.1468253,-0.02031109896957689,0.165760241992088
1785487305.1468253,-0.020638031754796952,0.1606800292500074
1785487305.1468253,-0.020507079327709392,0.15262850140269282
1785487305.1468253,-0.022089224231862457,0.15745813536026804
1785487305.1468253,-0.023149492640289825,0.15831645475467168
1785487305.1468253,-0.02437092771576567,0.16015635496841255
1785487305.1468253,-0.024677424993443445,0.15606097203840327
1785487305.1468253,-0.02607062407918962,0.15887517761158126
1785487305.1468253,-0.027329718285717376,0.16069252414014204
1785487305.1468253,-0.027917229733139405,0.15856111687616556
1785487305.1468253,-0.02919738192158931,0.16036369197867595
1785487305.1468253,-0.029760056596931837,0.1582255937967601
1785487305.1468253,-0.030870534250832266,0.15903147571963053
1785487305.1468253,-0.0319913883935921,0.1598297590711978
1785487305.1468253,-0.03251666616063784,0.15768216742164456
1785487305.1468253,-0.033225715593899946,0.1565121422729371
1785487305.1468253,-0.03434895595376775,0.15729319351413792
1785487305.1468253,-0.035482400419977064,0.1580664398755525
1785487305.1468253,-0.036176596378105975,0.15688292888483926
1785487305.1468253,-0.03685823132626568,0.15569672327666476
1785487305.1468253,-0.03729127988816301,0.15353619359024442
1785487305.1468253,-0.03770045183841447,0.1513759456961325
1785487305.1468253,-0.03956962955667613,0.15502981414017838
1785487305.1468253,-0.04047079166764612,0.1547970086189808
1785487305.1468253,-0.04137058426662951,0.15455896484199336
1785487305.1468253,-0.04147643590086619,0.15142228010420697
1785487305.1468253,-0.04316593918182827,0.1540671949187806
1785487305.1468253,-0.04351067570986906,0.15189082723176187
1785487305.1468253,-0.04383156689041244,0.14971571309702386
1785487305.1468253,-0.046134490777961064,0.154248527583404
1785487305.1468253,-0.04586252695200081,0.15015202385773085
1785487305.1468253,-0.04703288482875325,0.1508373628865327
1785487305.1468253,-0.046393405096735806,0.1457966086301638
1785487305.1468253,-0.05001960900268828,0.15408451859195144
1785487305.1468253,-0.04808647792636567,0.14524699571820457
1785487305.1468253,-0.05084943355622129,0.15064970403326194
1785487305.1468253,-0.05107430057785279,0.14846015447748503
1785487305.1468253,-0.05359109592789665,0.15287901946226048
1785487305.1468253,-0.054143215356835334,0.151622926141838
1785487305.1468253,-0.05536607912124988,0.15224518855200234
1785487305.1468253,-0.05590354766537419,0.15098275682810655
1785487305.1468253,-0.05642821401244863,0.14971925567192795
1785487305.1468253,-0.057656313042032795,0.1503221509538399
1785487305.1468253,-0.058893323720707685,0.15091579299603858
1785487305.1468253,-0.05977022700304704,0.15057064826352934
1785487305.1468253,-0.05914770017154687,0.14651126872119807
1785487305.1468253,-0.061897677290808736,0.15079017992598093
1785487305.1468253,-0.060848224238773126,0.14581322266813218
1785487305.1468253,-0.06286684040526541,0.14821862190173274
1785487305.1468253,-0.06372798660894374,0.14785040826375895
1785487305.1468253,-0.06619162492940218,0.15114122850120676
1785487305.1468253,-0.06625674824711053,0.14892630435160142
1785487305.1468253,-0.06753374574477548,0.14944963924849275
1785487305.1468253,-0.06756780191553952,0.14723651822424236
1785487305.1468253,-0.06884552154841864,0.14774740261281424
1785487305.1468253,-0.0709867141419067,0.15005627050452977
1785487305.1468253,-0.07012688769145384,0.14603499504298775
1785487305.1468253,-0.071413328030828,0.14652350458430946
1785487305.1468253,-0.07182112768748314,0.14520924823231296
1785487305.1468253,-0.07221606848742412,0.14389523603375334
1785487305.1468253,-0.07259816724714123,0.14258157303083363
1785487305.1468253,-0.0770976757885735,0.1492646898196888
1785487305.1468253,-0.07750059000188787,0.1479278780892459
1785487305.1468253,-0.07882901861192683,0.1483576255662256
1785487305.1468253,-0.07779330884343656,0.14437521457997665
1785487305.1468253,-0.07815238139273722,0.14304267230009002
1785487305.1468253,-0.07849859945918716,0.14171086774641295
1785487305.1468253,-0.08079054654444265,0.14386761189614183
1785487305.1468253,-0.08113137451526815,0.1425261434091581
1785487305.1468253,-0.0819590976885327,0.14205177855946105
1785487305.1468253,-0.08227926561974332,0.14070935741869667
1785487305.1468253,-0.08309640085509166,0.14022834585431265
1785487305.1468253,-0.08854383326394694,0.14745844024781418
1785487305.1468253,-0.0873210461597261,0.1435236361598287
1785487305.1468253,-0.0850060947385598,0.13790563444542153
1785487305.1468253,-0.08633654729525216,0.1382570121810879
1785487305.1468253,-0.08767394652683311,0.1385975489907185
1785487305.1468253,-0.09387374352118903,0.14650501197895952
1785487305.1468253,-0.08982486516033603,0.13840699318522925
1785487305.1468253,-0.0917270005513195,0.1395534160688507
1785487305.1468253,-0.09142902707344523,0.13735259434044872
1785487305.1468253,-0.09558016924571225,0.1417936266254146
1785487305.1468253,-0.09865843289150215,0.14453896559859453
1785487305.1468253,-0.09210632230041736,0.1332682465810475
1785487305.1468253,-0.09689333834604243,0.13846545021619605
1785487305.1468253,-0.09538481796747059,0.13463557726307393
1785487305.1468253,-0.10607444627212893,0.14789256405547785
1785487305.1468253,-0.10046998758550708,0.1383719006850543
1785487305.1468253,-0.09712753094447356,0.13214478505962668
1785487305.1468253,-0.10446068967489959,0.14040286061744986
1785487305.1468253,-0.10106464036002338,0.13420110919015174
1785487305.1468253,-0.09941875480583139,0.13042972314117124
1785487305.1468253,-0.10200828061647679,0.13222446540749425
1785487305.1468253,-0.10769911307262718,0.1379344047012499
1785487305.1468253,-0.10291969039900539,0.1302441370295272
1785487305.1468253,-0.10180194869174398,0.127300290882112
1785487305.1468253,-0.10505708419828595,0.12981528271502465
1785487305.1468253,-0.10897844596928835,0.13307028339757423
1785487305.1468253,-0.1142172891396875,0.13782384661838767
1785487305.1468253,-0.11308943382269133,0.13485836875021792
1785487305.1468253,-0.11840101170749187,0.13953565786498437
1785487305.1468253,-0.10943933818495286,0.127463839957093
1785487305.1468253,-0.11214644821292062,0.12908979610276403
1785487305.1468253,-0.11685672857884047,0.13294173673324722
1785487305.1468253,-0.11895722704434389,0.1337541773890754
1785487305.1468253,-0.11237536643430653,0.12488305032198418
1785487305.1468253,-0.1299302791909738,0.14271343306015022
1785487305.1468253,-0.11924069577293127,0.12945136590972647
1785487305.1468253,-0.10840160402467254,0.11631891704781337
1785487305.1468253,-0.11868062638516531,0.1258725803631848
1785487305.1468253,-0.12562296504173256,0.13169232820846488
1785487305.1468253,-0.11944258407921972,0.12376377142714402
1785487305.1468253,-0.1271465850951852,0.13022190504471673
1785487305.1468253,-0.122279889154615,0.12378863827497302
1785487305.1468253,-0.1251185753387731,0.12519721436596165
1785487305.1468253,-0.1343765927455714,0.1329057171638216
1785487305.1468253,-0.12871186675077664,0.12583027430809735
1785487305.1468253,-0.13519461528224594,0.1306384842925703
1785487305.1468253,-0.12076611448038292,0.11534532569609644
1785487305.1468253,-0.13088808873795957,0.12356500637900977
1785487305.1468253,-0.1381848950668267,0.12894158796954916
1785487305.1468253,-0.1462835664108464,0.13491522737514053
1785487305.1468253,-0.1529781118516049,0.139451418895679
1785487305.1468253,-0.13372759799239198,0.12048623203547328
1785487305.1468253,-0.0014936246981355806,0.0013300697880558804
1785487305.1468253,-0.12686293998416218,0.11165480006694467
1785487305.1468253,-0.001508997779934898,0.0013126027884059856
1785487305.1468253,-0.0015166078548282677,0.0013038025136702335
1785487305.1468253,-0.15165457106399605,0.128848327326969
1785487305.1468253,-0.0015316737850049026,0.001286069903352215
1785487305.1468253,-0.15314334194120216,0.12707524227260955
1785487305.1468253,-0.0,0.0
1785487305.1468253,-0.14761890660334945,0.1196188008100775
1785487305.1468253,-0.001561181666217151,0.0012500848711375799
1785487305.1468253,-0.0015684271820950964,0.0012409820927172376
1785487305.1468253,-0.15125947795342476,0.11825637813719204
1785487305.1468253,-0.0015827587460139204,0.0012226508626325269
1785487305.1468253,-0.0,0.0
1785487305.1468253,-0.0015968760725879967,0.0012041541382960715
1785487305.1468253,-0.0,0.0
1785487305.1468253,-0.0,0.0
1785487305.1468253,-0.0,0.0
1785487305.1468253,-0.0,0.0
1785487305.1468253,-0.0016312196325671093,0.0011572047745784858
1785487305.1468253,-0.0,0.0
1785487305.1468253,-0.0,0.0
1785487305.1468253,-0.0,0.0
1785487305.1468253,-0.0016577023089951641,0.0011189385303633625
1785487305.1468253,-0.0,0.0
1785487305.1468253,-0.0,0.0
1785487305.1468253,-0.0,0.0
1785487305.1468253,-0.0,0.0
1785487305.1468253,-0.0,0.0
1785487305.1468253,-0.0,0.0
1785487305.1468253,-0.0,0.0
1785487305.1468253,-0.0,0.0
1785487305.1468253,-0.0,0.0
1785487305.1468253,-0.0,0.0
1785487305.1468253,-0.0,0.0
1785487305.1468253,-0.0,0.0
1785487305.1468253,-0.0,0.0
1785487305.1468253,-0.0,0.0
1785487305.1468253,-0.0,0.0
1785487305.1468253,-0.0,0.0
1785487305.1468253,-0.0,0.0
1785487305.1468253,-0.0,0.0
1785487305.1468253,-0.0,0.0
1785487305.1468253,-0.0,0.0
1785487305.1468253,-0.0,0.0
1785487305.1468253,-0.0,0.0
1785487305.1468253,-0.0,0.0
1785487305.1468253,-0.0,0.0
1785487305.1468253,-0.0,0.0
1785487305.1468253,-0.0,0.0
1785487305.1468253,-0.0,0.0
1785487305.1468253,-0.0,0.0
1785487305.1468253,-0.0,0.0
1785487305.1468253,-0.0,0.0
1785487305.1468253,-0.0,0.0
1785487305.1468253,-0.0,0.0
1785487305.1468253,-0.0,0.0
1785487305.1468253,-0.0,0.0
1785487305.1468253,-0.0,0.0
1785487305.1468253,-0.0,0.0
1785487305.1468253,-0.0,0.0
1785487305.1468253,-0.0,0.0
1785487305.1468253,-0.0,0.0
1785487305.1468253,-0.0,0.0
1785487305.1468253,-0.0,0.0
1785487305.1468253,-0.0,0.0
